BioProject,#Organism Name,Organism Groups,Strain,BioSample,Assembly,Level,Size(Mb),GC%,Replicons,WGS,Scaffolds,CDS,Release Date,GenBank FTP,RefSeq FTP
PRJNA702529,Medicago truncatula,Eukaryota;Plants;Land Plants,,SAMN08400029,GCA_003473485.2, Chromosome,430.008,33.4462,chromosome 1:NC_053042.1/CM010648.1; chromosome 2:NC_053043.1/CM010649.1; chromosome 3:NC_053044.1/CM010650.1; chromosome 4:NC_053045.1/CM010651.1; chromosome 5:NC_053046.1/CM010652.1; chromosome 6:NC_053047.1/CM010653.1; chromosome 7:NC_053048.1/CM010654.1; chromosome 8:NC_053049.1/CM010655.1; mitochondrion MT:NC_029641.1/; chloroplast Pltd:NC_003119.8/,PSQE01,42,42683,2018-09-06T00:00:00Z,ftp://ftp.ncbi.nlm.nih.gov/genomes/all/GCA/003/473/485/GCA_003473485.2_MtrunA17r5.0-ANR,ftp://ftp.ncbi.nlm.nih.gov/genomes/all/GCF/003/473/485/GCF_003473485.1_MtrunA17r5.0-ANR
PRJNA764258,Triticum aestivum,Eukaryota;Plants;Land Plants,,SAMN16451473,GCA_018294505.1, Chromosome,14567.0,46.215,chromosome 1A:NC_057794.1/CM031178.1; chromosome 1B:NC_057795.1/CM031179.1; chromosome 1D:NC_057796.1/CM031180.1; chromosome 2A:NC_057797.1/CM031181.1; chromosome 2B:NC_057798.1/CM031182.1; chromosome 2D:NC_057799.1/CM031183.1; chromosome 3A:NC_057800.1/CM031184.1; chromosome 3B:NC_057801.1/CM031185.1; chromosome 3D:NC_057802.1/CM031186.1; chromosome 4A:NC_057803.1/CM031187.1; chromosome 4B:NC_057804.1/CM031188.1; chromosome 4D:NC_057805.1/CM031189.1; chromosome 5A:NC_057806.1/CM031190.1; chromosome 5B:NC_057807.1/CM031191.1; chromosome 5D:NC_057808.1/CM031192.1; chromosome 6A:NC_057809.1/CM031193.1; chromosome 6B:NC_057810.1/CM031194.1; chromosome 6D:NC_057811.1/CM031195.1; chromosome 7A:NC_057812.1/CM031196.1; chromosome 7B:NC_057813.1/CM031197.1; chromosome 7D:NC_057814.1/CM031198.1; mitochondrion MT:NC_036024.1/,JAGHKL01,91589,142442,2021-05-06T00:00:00Z,ftp://ftp.ncbi.nlm.nih.gov/genomes/all/GCA/018/294/505/GCA_018294505.1_IWGSC_CS_RefSeq_v2.1,ftp://ftp.ncbi.nlm.nih.gov/genomes/all/GCF/018/294/505/GCF_018294505.1_IWGSC_CS_RefSeq_v2.1
PRJNA506972,Coffea arabica,Eukaryota;Plants;Land Plants,CCC135-36,SAMN10272287,GCA_003713225.1, Chromosome,1094.45,36.9585,chromosome 1c:NC_039898.1/CM011106.1; chromosome 1e:NC_039899.1/CM011107.1; chromosome 2c:NC_039900.1/CM011108.1; chromosome 2e:NC_039901.1/CM011109.1; chromosome 3c:NC_039902.1/CM011110.1; chromosome 3e:NC_039903.1/CM011111.1; chromosome 4c:NC_039904.1/CM011112.1; chromosome 4e:NC_039905.1/CM011113.1; chromosome 5e:NC_039906.1/CM011115.1; chromosome 5c:NC_039907.1/CM011114.1; chromosome 6c:NC_039908.1/CM011116.1; chromosome 6e:NC_039909.1/CM011117.1; chromosome 7c:NC_039910.1/CM011118.1; chromosome 7e:NC_039911.1/CM011119.1; chromosome 8e:NC_039912.1/CM011121.1; chromosome 8c:NC_039913.1/CM011120.1; chromosome 9c:NC_039914.1/CM011122.1; chromosome 9e:NC_039915.1/CM011123.1; chromosome 10e:NC_039916.1/CM011103.1; chromosome 10c:NC_039917.1/CM011102.1; chromosome 11c:NC_039918.1/CM011104.1; chromosome 11e:NC_039919.1/CM011105.1; chloroplast Pltd:NC_008535.1/,RHJU01,2833,67222,2018-11-06T00:00:00Z,ftp://ftp.ncbi.nlm.nih.gov/genomes/all/GCA/003/713/225/GCA_003713225.1_Cara_1.0,ftp://ftp.ncbi.nlm.nih.gov/genomes/all/GCF/003/713/225/GCF_003713225.1_Cara_1.0
PRJNA293435,Brassica napus,Eukaryota;Plants;Land Plants,,SAMN02742820,GCA_000686985.2, Chromosome,976.191,37.4074,chromosome A1:NC_027757.2/CM002759.2; chromosome A2:NC_027758.2/CM002760.2; chromosome A3:NC_027759.2/CM002761.2; chromosome A4:NC_027760.2/CM002762.2; chromosome A5:NC_027761.2/CM002763.2; chromosome A6:NC_027762.2/CM002764.2; chromosome A7:NC_027763.2/CM002765.2; chromosome A8:NC_027764.2/CM002766.2; chromosome A9:NC_027765.2/CM002767.2; chromosome A10:NC_027766.2/CM002768.2; chromosome C1:NC_027767.2/CM002769.2; chromosome C2:NC_027768.2/CM002770.2; chromosome C3:NC_027769.2/CM002771.2; chromosome C4:NC_027770.2/CM002772.2; chromosome C5:NC_027771.2/CM002773.2; chromosome C6:NC_027772.2/CM002774.2; chromosome C7:NC_027773.2/CM002775.2; chromosome C8:NC_027774.2/CM002776.2; chromosome C9:NC_027775.2/CM002777.2; plasmid linear plasmid:NC_004946.1/; mitochondrion MT:NC_008285.1/; chloroplast Pltd:NC_016734.1/,JMKK02,1471,123467,2014-05-05T00:00:00Z,ftp://ftp.ncbi.nlm.nih.gov/genomes/all/GCA/000/686/985/GCA_000686985.2_Bra_napus_v2.0,ftp://ftp.ncbi.nlm.nih.gov/genomes/all/GCF/000/686/985/GCF_000686985.2_Bra_napus_v2.0
PRJNA509734,Eucalyptus globulus,Eukaryota;Plants;Land Plants,CBG9404798.5,SAMN12996701,GCA_014182545.1, Chromosome,545.185,39.3807,chromosome 1:CM024717.1; chromosome 2:CM024718.1; chromosome 3:CM024719.1; chromosome 4:CM024720.1; chromosome 5:CM024721.1; chromosome 6:CM024722.1; chromosome 7:CM024723.1; chromosome 8:CM024724.1; chromosome 9:CM024725.1; chromosome 10:CM024726.1; chromosome 11:CM024727.1; chloroplast Pltd:CM024728.1,JABKBK01,48,0,2020-08-13T00:00:00Z,ftp://ftp.ncbi.nlm.nih.gov/genomes/all/GCA/014/182/545/GCA_014182545.1_ASM1418254v1,
PRJNA396063,Helianthus annuus,Eukaryota;Plants;Land Plants,,SAMN05868438,GCA_002127325.2, Chromosome,3010.05,38.8175,chromosome 1:NC_035433.2/CM007890.2; chromosome 2:NC_035434.2/CM007891.2; chromosome 3:NC_035435.2/CM007892.2; chromosome 4:NC_035436.2/CM007893.2; chromosome 5:NC_035437.2/CM007894.2; chromosome 6:NC_035438.2/CM007895.2; chromosome 7:NC_035439.2/CM007896.2; chromosome 8:NC_035440.2/CM007897.2; chromosome 9:NC_035441.2/CM007898.2; chromosome 10:NC_035442.2/CM007899.2; chromosome 11:NC_035443.2/CM007900.2; chromosome 12:NC_035444.2/CM007901.2; chromosome 13:NC_035445.2/CM007902.2; chromosome 14:NC_035446.2/CM007903.2; chromosome 15:NC_035447.2/CM007904.2; chromosome 16:NC_035448.2/CM007905.2; chromosome 17:NC_035449.2/CM007906.2; mitochondrion MT:NC_023337.1/CM007908.2; chloroplast Pltd:NC_007977.1/CM007907.1,MNCJ02,334,75695,2017-05-08T00:00:00Z,ftp://ftp.ncbi.nlm.nih.gov/genomes/all/GCA/002/127/325/GCA_002127325.2_HanXRQr2.0-SUNRISE,ftp://ftp.ncbi.nlm.nih.gov/genomes/all/GCF/002/127/325/GCF_002127325.2_HanXRQr2.0-SUNRISE
PRJNA432228,Lactuca sativa,Eukaryota;Plants;Land Plants,,SAMN01730979,GCA_002870075.2, Chromosome,2391.58,38.7113,chromosome 1:NC_056623.1/CM022518.1; chromosome 2:NC_056624.1/CM022519.1; chromosome 3:NC_056625.1/CM022520.1; chromosome 4:NC_056626.1/CM022521.1; chromosome 5:NC_056627.1/CM022522.1; chromosome 6:NC_056628.1/CM022523.1; chromosome 7:NC_056629.1/CM022524.1; chromosome 8:NC_056630.1/CM022525.1; chromosome 9:NC_056631.1/CM022526.1; mitochondrion MT:NC_042756.1/; chloroplast Pltd:NC_007578.1/,NBSK01,11454,46867,2018-01-09T00:00:00Z,ftp://ftp.ncbi.nlm.nih.gov/genomes/all/GCA/002/870/075/GCA_002870075.2_Lsat_Salinas_v7,ftp://ftp.ncbi.nlm.nih.gov/genomes/all/GCF/002/870/075/GCF_002870075.2_Lsat_Salinas_v7
PRJNA534520,Malus domestica,Eukaryota;Plants;Land Plants,X9273 #13,SAMN05603590,GCA_002114115.1, Chromosome,703.358,39.359,chromosome 1:NC_041789.1/CM007867.1; chromosome 2:NC_041790.1/CM007868.1; chromosome 3:NC_041791.1/CM007869.1; chromosome 4:NC_041792.1/CM007870.1; chromosome 5:NC_041793.1/CM007871.1; chromosome 6:NC_041794.1/CM007872.1; chromosome 7:NC_041795.1/CM007873.1; chromosome 8:NC_041796.1/CM007874.1; chromosome 9:NC_041797.1/CM007875.1; chromosome 10:NC_041798.1/CM007876.1; chromosome 11:NC_041799.1/CM007877.1; chromosome 12:NC_041800.1/CM007878.1; chromosome 13:NC_041801.1/CM007879.1; chromosome 14:NC_041802.1/CM007880.1; chromosome 15:NC_041803.1/CM007881.1; chromosome 16:NC_041804.1/CM007882.1; chromosome 17:NC_041805.1/CM007883.1; mitochondrion MT:NC_018554.1/,MJAX01,807,52039,2017-04-28T00:00:00Z,ftp://ftp.ncbi.nlm.nih.gov/genomes/all/GCA/002/114/115/GCA_002114115.1_ASM211411v1,ftp://ftp.ncbi.nlm.nih.gov/genomes/all/GCF/002/114/115/GCF_002114115.1_ASM211411v1
PRJNA319578,Nicotiana tabacum,Eukaryota;Plants;Land Plants,,SAMN02316627,GCA_000715135.1,Scaffold,3643.47,39.2006,mitochondrion MT:NC_006581.1/; plastid Pltd:NC_001879.2/,AYMY01,168247,84255,2014-05-29T00:00:00Z,ftp://ftp.ncbi.nlm.nih.gov/genomes/all/GCA/000/715/135/GCA_000715135.1_Ntab-TN90,ftp://ftp.ncbi.nlm.nih.gov/genomes/all/GCF/000/715/135/GCF_000715135.1_Ntab-TN90
PRJNA394209,Manihot esculenta,Eukaryota;Plants;Land Plants,,SAMN04116956,GCA_001659605.2, Chromosome,640.431,37.5651,chromosome 1:NC_035161.2/CM004387.2; chromosome 2:NC_035162.2/CM004388.2; chromosome 3:NC_035163.2/CM004389.2; chromosome 4:NC_035164.2/CM004390.2; chromosome 5:NC_035165.2/CM004391.2; chromosome 6:NC_035166.2/CM004392.2; chromosome 7:NC_035167.2/CM004393.2; chromosome 8:NC_035168.2/CM004394.2; chromosome 9:NC_035169.2/CM004395.2; chromosome 10:NC_035170.2/CM004396.2; chromosome 11:NC_035171.2/CM004397.2; chromosome 12:NC_035172.2/CM004398.2; chromosome 13:NC_035173.2/CM004399.2; chromosome 14:NC_035174.2/CM004400.2; chromosome 15:NC_035175.2/CM004401.2; chromosome 16:NC_035176.2/CM004402.2; chromosome 17:NC_035177.2/CM004403.2; chromosome 18:NC_035178.2/CM004404.2; mitochondrion MT:NC_045136.1/; chloroplast Pltd:NC_010433.1/,LTYI02,104,49290,2016-06-07T00:00:00Z,ftp://ftp.ncbi.nlm.nih.gov/genomes/all/GCA/001/659/605/GCA_001659605.2_M.esculenta_v8,ftp://ftp.ncbi.nlm.nih.gov/genomes/all/GCF/001/659/605/GCF_001659605.2_M.esculenta_v8
PRJNA394253,Hevea brasiliensis,Eukaryota;Plants;Land Plants,,SAMN04451765,GCA_001654055.1,Scaffold,1373.53,35.7,chloroplast Pltd:NC_015308.1/,LVXX01,7453,58062,2016-06-01T00:00:00Z,ftp://ftp.ncbi.nlm.nih.gov/genomes/all/GCA/001/654/055/GCA_001654055.1_ASM165405v1,ftp://ftp.ncbi.nlm.nih.gov/genomes/all/GCF/001/654/055/GCF_001654055.1_ASM165405v1
PRJNA301363,Vigna radiata var. radiata,Eukaryota;Plants;Land Plants,,SAMN02720863,GCA_000741045.2, Chromosome,463.638,34.3983,chromosome 1:NC_028351.1/CM003504.1; chromosome 2:NC_028352.1/CM003505.1; chromosome 3:NC_028353.1/CM003506.1; chromosome 4:NC_028354.1/CM003507.1; chromosome 5:NC_028355.1/CM003508.1; chromosome 6:NC_028356.1/CM003509.1; chromosome 7:NC_028357.1/CM003510.1; chromosome 8:NC_028358.1/CM003511.1; chromosome 9:NC_028359.1/CM003512.1; chromosome 10:NC_028360.1/CM003513.1; chromosome 11:NC_028361.1/CM003514.1; mitochondrion MT:NC_015121.1/; chloroplast Pltd:NC_013843.1/,JJMO01,2499,42284,2014-08-18T00:00:00Z,ftp://ftp.ncbi.nlm.nih.gov/genomes/all/GCA/000/741/045/GCA_000741045.2_Vradiata_ver6,ftp://ftp.ncbi.nlm.nih.gov/genomes/all/GCF/000/741/045/GCF_000741045.1_Vradiata_ver6
PRJNA326436,Daucus carota subsp. sativus,Eukaryota;Plants;Land Plants,,SAMN03216637,GCA_001625215.1, Chromosome,421.539,36.0427,chromosome 1:NC_030381.1/CM004278.1; chromosome 2:NC_030382.1/CM004279.1; chromosome 3:NC_030383.1/CM004280.1; chromosome 4:NC_030384.1/CM004281.1; chromosome 5:NC_030385.1/CM004282.1; chromosome 6:NC_030386.1/CM004283.1; chromosome 7:NC_030387.1/CM004284.1; chromosome 8:NC_030388.1/CM004285.1; chromosome 9:NC_030389.1/CM004286.1; mitochondrion MT:NC_017855.1/; chloroplast Pltd:NC_008325.1/CM004358.1,LNRQ01,4826,44655,2016-04-20T00:00:00Z,ftp://ftp.ncbi.nlm.nih.gov/genomes/all/GCA/001/625/215/GCA_001625215.1_ASM162521v1,ftp://ftp.ncbi.nlm.nih.gov/genomes/all/GCF/001/625/215/GCF_001625215.1_ASM162521v1
PRJNA673911,Jatropha curcas,Eukaryota;Plants;Land Plants,ELGS0001-1231,SAMN15963826,GCA_014843425.1,Scaffold,266.964,33.5012,chloroplast Pltd:NC_012224.1/,JACVEQ01,1232,29586,2020-10-05T00:00:00Z,ftp://ftp.ncbi.nlm.nih.gov/genomes/all/GCA/014/843/425/GCA_014843425.1_RJC1_Hi-C,ftp://ftp.ncbi.nlm.nih.gov/genomes/all/GCF/014/843/425/GCF_014843425.1_RJC1_Hi-C
PRJNA698663,Eucalyptus grandis,Eukaryota;Plants;Land Plants,ANBG69807.140,SAMN13016251,GCA_016545825.1, Chromosome,616.53,39.3863,chromosome 1:NC_052612.1/CM028308.1; chromosome 2:NC_052613.1/CM028309.1; chromosome 3:NC_052614.1/CM028310.1; chromosome 4:NC_052615.1/CM028311.1; chromosome 5:NC_052616.1/CM028312.1; chromosome 6:NC_052617.1/CM028313.1; chromosome 7:NC_052618.1/CM028314.1; chromosome 8:NC_052619.1/CM028315.1; chromosome 9:NC_052620.1/CM028316.1; chromosome 10:NC_052621.1/CM028317.1; chromosome 11:NC_052622.1/CM028318.1; mitochondrion MT:NC_040010.1/; chloroplast Pltd:NC_014570.1/CM028319.1,JABKBJ01,37,45101,2021-01-06T00:00:00Z,ftp://ftp.ncbi.nlm.nih.gov/genomes/all/GCA/016/545/825/GCA_016545825.1_ASM1654582v1,ftp://ftp.ncbi.nlm.nih.gov/genomes/all/GCF/016/545/825/GCF_016545825.1_ASM1654582v1
PRJNA692501,Phoenix dactylifera,Eukaryota;Plants;Land Plants,,SAMN05011615,GCA_009389715.1, Chromosome,773.189,40.3106,chromosome 1:NC_052392.1/CM018766.1; chromosome 2:NC_052393.1/CM018767.1; chromosome 3:NC_052394.1/CM018768.1; chromosome 4:NC_052395.1/CM018769.1; chromosome 5:NC_052396.1/CM018770.1; chromosome 6:NC_052397.1/CM018771.1; chromosome 7:NC_052398.1/CM018772.1; chromosome 8:NC_052399.1/CM018773.1; chromosome 9:NC_052400.1/CM018774.1; chromosome 10:NC_052401.1/CM018775.1; chromosome 11:NC_052402.1/CM018776.1; chromosome 12:NC_052403.1/CM018777.1; chromosome 13:NC_052404.1/CM018778.1; chromosome 14:NC_052405.1/CM018779.1; chromosome 15:NC_052406.1/CM018780.1; chromosome 16:NC_052407.1/CM018781.1; chromosome 17:NC_052408.1/CM018782.1; chromosome 18:NC_052409.1/CM018783.1; mitochondrion MT:NC_016740.1/; chloroplast Pltd:NC_013991.2/CM018784.1,NBZB01,2391,48801,2019-10-29T00:00:00Z,ftp://ftp.ncbi.nlm.nih.gov/genomes/all/GCA/009/389/715/GCA_009389715.1_palm_55x_up_171113_PBpolish2nd_filt_p,ftp://ftp.ncbi.nlm.nih.gov/genomes/all/GCF/009/389/715/GCF_009389715.1_palm_55x_up_171113_PBpolish2nd_filt_p
PRJNA268357,Elaeis guineensis,Eukaryota;Plants;Land Plants,,SAMN02981535,GCA_000442705.1, Chromosome,1535.18,40.999,chromosome 1:NC_025993.1/CM002081.1; chromosome 2:NC_025994.1/CM002082.1; chromosome 3:NC_025995.1/CM002083.1; chromosome 4:NC_025996.1/CM002084.1; chromosome 5:NC_025997.1/CM002085.1; chromosome 6:NC_025998.1/CM002086.1; chromosome 7:NC_025999.1/CM002087.1; chromosome 8:NC_026000.1/CM002088.1; chromosome 9:NC_026001.1/CM002089.1; chromosome 10:NC_026002.1/CM002090.1; chromosome 11:NC_026003.1/CM002091.1; chromosome 12:NC_026004.1/CM002092.1; chromosome 13:NC_026005.1/CM002093.1; chromosome 14:NC_026006.1/CM002094.1; chromosome 15:NC_026007.1/CM002095.1; chromosome 16:NC_026008.1/CM002096.1; chloroplast Pltd:NC_017602.1/,ASJS01,40349,43551,2013-07-26T00:00:00Z,ftp://ftp.ncbi.nlm.nih.gov/genomes/all/GCA/000/442/705/GCA_000442705.1_EG5,ftp://ftp.ncbi.nlm.nih.gov/genomes/all/GCF/000/442/705/GCF_000442705.1_EG5
PRJNA476953,Arachis hypogaea,Eukaryota;Plants;Land Plants,,SAMN08051159,GCA_003086295.2, Chromosome,2557.07,36.3472,chromosome Arahy.01:NC_037618.1/CM009801.1; chromosome Arahy.02:NC_037619.1/CM009802.1; chromosome Arahy.03:NC_037620.1/CM009803.1; chromosome Arahy.04:NC_037621.1/CM009804.1; chromosome Arahy.05:NC_037622.1/CM009805.1; chromosome Arahy.06:NC_037623.1/CM009806.1; chromosome Arahy.07:NC_037624.1/CM009807.1; chromosome Arahy.08:NC_037625.1/CM009808.1; chromosome Arahy.09:NC_037626.1/CM009809.1; chromosome Arahy.10:NC_037627.1/CM009810.1; chromosome Arahy.11:NC_037628.1/CM009811.1; chromosome Arahy.12:NC_037629.1/CM009812.1; chromosome Arahy.13:NC_037630.1/CM009813.1; chromosome Arahy.14:NC_037631.1/CM009814.1; chromosome Arahy.15:NC_037632.1/CM009816.1; chromosome Arahy.16:NC_037633.1/CM009817.1; chromosome Arahy.17:NC_037634.1/CM009818.1; chromosome Arahy.18:NC_037635.1/CM009819.1; chromosome Arahy.19:NC_037636.1/CM009815.1; chromosome Arahy.20:NC_037637.1/CM009820.1; chloroplast Pltd:NC_037358.1/,PIVG01,385,100775,2018-05-02T00:00:00Z,ftp://ftp.ncbi.nlm.nih.gov/genomes/all/GCA/003/086/295/GCA_003086295.2_arahy.Tifrunner.gnm1.KYV3,ftp://ftp.ncbi.nlm.nih.gov/genomes/all/GCF/003/086/295/GCF_003086295.2_arahy.Tifrunner.gnm1.KYV3
PRJNA376605,Cajanus cajan,Eukaryota;Plants;Land Plants,,SAMN02981370,GCA_000340665.1, Chromosome,592.971,33.7105,chromosome 1:NC_033804.1/CM003603.1; chromosome 2:NC_033805.1/CM003604.1; chromosome 3:NC_033806.1/CM003605.1; chromosome 4:NC_033807.1/CM003606.1; chromosome 5:NC_033808.1/CM003607.1; chromosome 6:NC_033809.1/CM003608.1; chromosome 7:NC_033810.1/CM003609.1; chromosome 8:NC_033811.1/CM003610.1; chromosome 9:NC_033812.1/CM003611.1; chromosome 10:NC_033813.1/CM003612.1; chromosome 11:NC_033814.1/CM003613.1; chloroplast Pltd:NC_031429.1/,AGCT01,36536,41387,2013-02-13T00:00:00Z,ftp://ftp.ncbi.nlm.nih.gov/genomes/all/GCA/000/340/665/GCA_000340665.1_C.cajan_V1.0,ftp://ftp.ncbi.nlm.nih.gov/genomes/all/GCF/000/340/665/GCF_000340665.1_C.cajan_V1.0
PRJNA190909,Cicer arietinum,Eukaryota;Plants;Land Plants,,SAMN02981489,GCA_000331145.1, Chromosome,530.894,32.6705,chromosome Ca1:NC_021160.1/CM001764.1; chromosome Ca2:NC_021161.1/CM001765.1; chromosome Ca3:NC_021162.1/CM001766.1; chromosome Ca4:NC_021163.1/CM001767.1; chromosome Ca5:NC_021164.1/CM001768.1; chromosome Ca6:NC_021165.1/CM001769.1; chromosome Ca7:NC_021166.1/CM001770.1; chromosome Ca8:NC_021167.1/CM001771.1; chloroplast Pltd:NC_011163.1/,ANPC01,7545,35754,2012-12-31T00:00:00Z,ftp://ftp.ncbi.nlm.nih.gov/genomes/all/GCA/000/331/145/GCA_000331145.1_ASM33114v1,ftp://ftp.ncbi.nlm.nih.gov/genomes/all/GCF/000/331/145/GCF_000331145.1_ASM33114v1
PRJNA282644,Gossypium raimondii,Eukaryota;Plants;Land Plants,,SAMN02743920,GCA_000327365.1, Chromosome,761.565,33.5284,chromosome 1:NC_026929.1/CM001740.1; chromosome 2:NC_026930.1/CM001741.1; chromosome 3:NC_026931.1/CM001742.1; chromosome 4:NC_026932.1/CM001743.1; chromosome 5:NC_026933.1/CM001744.1; chromosome 6:NC_026934.1/CM001745.1; chromosome 7:NC_026935.1/CM001746.1; chromosome 8:NC_026936.1/CM001747.1; chromosome 9:NC_026937.1/CM001748.1; chromosome 10:NC_026938.1/CM001749.1; chromosome 11:NC_026939.1/CM001750.1; chromosome 12:NC_026940.1/CM001751.1; chromosome 13:NC_026941.1/CM001752.1; chloroplast:NC_016668.1/,ALYE01,1034,59057,2012-12-20T00:00:00Z,ftp://ftp.ncbi.nlm.nih.gov/genomes/all/GCA/000/327/365/GCA_000327365.1_Graimondii2_0,ftp://ftp.ncbi.nlm.nih.gov/genomes/all/GCF/000/327/365/GCF_000327365.1_Graimondii2_0
PRJNA396054,Spinacia oleracea,Eukaryota;Plants;Land Plants,,SAMN05242642,GCA_002007265.1,Scaffold,869.946,38.3997,plastid Pltd:NC_002202.1/,LZYP01,78263,32794,2017-02-27T00:00:00Z,ftp://ftp.ncbi.nlm.nih.gov/genomes/all/GCA/002/007/265/GCA_002007265.1_ASM200726v1,ftp://ftp.ncbi.nlm.nih.gov/genomes/all/GCF/002/007/265/GCF_002007265.1_ASM200726v1
PRJNA225998,Citrus sinensis,Eukaryota;Plants;Land Plants,,SAMN02981414,GCA_000317415.1, Chromosome,327.83,35.3314,chromosome 1:NC_023046.1/CM001701.1; chromosome 2:NC_023047.1/CM001702.1; chromosome 3:NC_023048.1/CM001703.1; chromosome 4:NC_023049.1/CM001704.1; chromosome 5:NC_023050.1/CM001705.1; chromosome 6:NC_023051.1/CM001706.1; chromosome 7:NC_023052.1/CM001707.1; chromosome 8:NC_023053.1/CM001708.1; chromosome 9:NC_023054.1/CM001709.1; chloroplast Pltd:NC_008334.1/,AJPS01,4995,39056,2012-09-18T00:00:00Z,ftp://ftp.ncbi.nlm.nih.gov/genomes/all/GCA/000/317/415/GCA_000317415.1_Csi_valencia_1.0,ftp://ftp.ncbi.nlm.nih.gov/genomes/all/GCF/000/317/415/GCF_000317415.1_Csi_valencia_1.0
PRJNA713846,Gossypium hirsutum,Eukaryota;Plants;Land Plants,1008001.06,SAMN11351207,GCA_007990345.1, Chromosome,2306.07,34.3773,chromosome A01:NC_053424.1/CM017662.1; chromosome A02:NC_053425.1/CM017663.1; chromosome A03:NC_053426.1/CM017664.1; chromosome A04:NC_053427.1/CM017665.1; chromosome A05:NC_053428.1/CM017666.1; chromosome A06:NC_053429.1/CM017667.1; chromosome A07:NC_053430.1/CM017668.1; chromosome A08:NC_053431.1/CM017669.1; chromosome A09:NC_053432.1/CM017670.1; chromosome A10:NC_053433.1/CM017671.1; chromosome A11:NC_053434.1/CM017672.1; chromosome A12:NC_053435.1/CM017673.1; chromosome A13:NC_053436.1/CM017674.1; chromosome D01:NC_053437.1/CM017675.1; chromosome D02:NC_053438.1/CM017676.1; chromosome D03:NC_053439.1/CM017677.1; chromosome D04:NC_053440.1/CM017678.1; chromosome D05:NC_053441.1/CM017679.1; chromosome D06:NC_053442.1/CM017680.1; chromosome D07:NC_053443.1/CM017681.1; chromosome D08:NC_053444.1/CM017682.1; chromosome D09:NC_053445.1/CM017683.1; chromosome D10:NC_053446.1/CM017684.1; chromosome D11:NC_053447.1/CM017685.1; chromosome D12:NC_053448.1/CM017686.1; chromosome D13:NC_053449.1/CM017687.1; mitochondrion MT:NC_027406.1/; chloroplast Pltd:NC_007944.1/,VKGJ01,1033,111844,2019-08-12T00:00:00Z,ftp://ftp.ncbi.nlm.nih.gov/genomes/all/GCA/007/990/345/GCA_007990345.1_Gossypium_hirsutum_v2.1,ftp://ftp.ncbi.nlm.nih.gov/genomes/all/GCF/007/990/345/GCF_007990345.1_Gossypium_hirsutum_v2.1
PRJNA417827,Olea europaea var. sylvestris,Eukaryota;Plants;Land Plants,,SAMN05943011,GCA_002742605.1, Chromosome,1141.15,36.7747,chromosome 1:NC_036237.1/CM008515.1; chromosome 2:NC_036238.1/CM008516.1; chromosome 3:NC_036239.1/CM008517.1; chromosome 4:NC_036240.1/CM008518.1; chromosome 5:NC_036241.1/CM008519.1; chromosome 6:NC_036242.1/CM008520.1; chromosome 7:NC_036243.1/CM008521.1; chromosome 8:NC_036244.1/CM008522.1; chromosome 9:NC_036245.1/CM008523.1; chromosome 10:NC_036246.1/CM008524.1; chromosome 11:NC_036247.1/CM008525.1; chromosome 12:NC_036248.1/CM008526.1; chromosome 13:NC_036249.1/CM008527.1; chromosome 14:NC_036250.1/CM008528.1; chromosome 15:NC_036251.1/CM008529.1; chromosome 16:NC_036252.1/CM008530.1; chromosome 17:NC_036253.1/CM008531.1; chromosome 18:NC_036254.1/CM008532.1; chromosome 19:NC_036255.1/CM008533.1; chromosome 20:NC_036256.1/CM008534.1; chromosome 21:NC_036257.1/CM008535.1; chromosome 22:NC_036258.1/CM008536.1; chromosome 23:NC_036259.1/CM008537.1; plastid Pltd:NC_015401.1/,MSRW01,41226,58334,2017-11-01T00:00:00Z,ftp://ftp.ncbi.nlm.nih.gov/genomes/all/GCA/002/742/605/GCA_002742605.1_O_europaea_v1,ftp://ftp.ncbi.nlm.nih.gov/genomes/all/GCF/002/742/605/GCF_002742605.1_O_europaea_v1
PRJNA232125,Oryza brachyantha,Eukaryota;Plants;Land Plants,,SAMN02981362,GCA_000231095.3, Chromosome,263.33,41.5494,chromosome 1:NC_023163.2/CM001241.3; chromosome 2:NC_023164.2/CM001242.2; chromosome 3:NC_023165.2/CM001243.3; chromosome 4:NC_023166.2/CM001244.3; chromosome 5:NC_023167.2/CM001245.3; chromosome 6:NC_023168.2/CM001246.3; chromosome 7:NC_023169.2/CM001247.3; chromosome 8:NC_023170.2/CM001248.3; chromosome 9:NC_023171.2/CM001249.3; chromosome 10:NC_023172.2/CM001250.3; chromosome 11:NC_023173.2/CM001251.3; chromosome 12:NC_023174.2/CM001252.3; chloroplast Pltd:NC_030596.1/,AGAT02,74,30090,2011-10-19T00:00:00Z,ftp://ftp.ncbi.nlm.nih.gov/genomes/all/GCA/000/231/095/GCA_000231095.3_ObraRS2,ftp://ftp.ncbi.nlm.nih.gov/genomes/all/GCF/000/231/095/GCF_000231095.2_ObraRS2
PRJNA293438,Brassica oleracea var. oleracea,Eukaryota;Plants;Land Plants,,SAMN02584321,GCA_000695525.1, Chromosome,488.954,37.3348,chromosome C1:NC_027748.1/CM002784.1; chromosome C2:NC_027749.1/CM002785.1; chromosome C3:NC_027750.1/CM002786.1; chromosome C4:NC_027751.1/CM002787.1; chromosome C5:NC_027752.1/CM002788.1; chromosome C6:NC_027753.1/CM002789.1; chromosome C7:NC_027754.1/CM002790.1; chromosome C8:NC_027755.1/CM002791.1; chromosome C9:NC_027756.1/CM002792.1; mitochondrion:NC_016118.1/,JJMF01,32886,56687,2014-05-22T00:00:00Z,ftp://ftp.ncbi.nlm.nih.gov/genomes/all/GCA/000/695/525/GCA_000695525.1_BOL,ftp://ftp.ncbi.nlm.nih.gov/genomes/all/GCF/000/695/525/GCF_000695525.1_BOL
PRJNA335838,Gossypium arboreum,Eukaryota;Plants;Land Plants,,SAMN02981570,GCA_000612285.2, Chromosome,1694.6,36.1993,chromosome 1:NC_030664.1/CM002679.1; chromosome 2:NC_030665.1/CM002680.1; chromosome 3:NC_030666.1/CM002681.1; chromosome 4:NC_030667.1/CM002682.1; chromosome 5:NC_030668.1/CM002683.1; chromosome 6:NC_030669.1/CM002684.1; chromosome 7:NC_030670.1/CM002685.1; chromosome 8:NC_030671.1/CM002686.1; chromosome 9:NC_030672.1/CM002687.1; chromosome 10:NC_030673.1/CM002688.1; chromosome 11:NC_030674.1/CM002689.1; chromosome 12:NC_030675.1/CM002690.1; chromosome 13:NC_030676.1/CM002691.1; chloroplast Pltd:NC_016712.1/,AYOE01,75419,47568,2014-03-31T00:00:00Z,ftp://ftp.ncbi.nlm.nih.gov/genomes/all/GCA/000/612/285/GCA_000612285.2_Gossypium_arboreum_v1.0,ftp://ftp.ncbi.nlm.nih.gov/genomes/all/GCF/000/612/285/GCF_000612285.1_Gossypium_arboreum_v1.0
PRJNA702515,Aegilops tauschii subsp. strangulata,Eukaryota;Plants;Land Plants,,SAMN05426520,GCA_002575655.2, Chromosome,4218.18,46.4229,chromosome 1D:NC_053035.2/CM008368.2; chromosome 2D:NC_053036.2/CM008369.2; chromosome 3D:NC_053037.2/CM008370.2; chromosome 4D:NC_053038.2/CM008371.2; chromosome 5D:NC_053039.2/CM008372.2; chromosome 6D:NC_053040.2/CM008373.2; chromosome 7D:NC_053041.2/CM008374.2; chloroplast Pltd:NC_022133.1/,NWVB02,109197,58655,2017-10-17T00:00:00Z,ftp://ftp.ncbi.nlm.nih.gov/genomes/all/GCA/002/575/655/GCA_002575655.2_Aet_v5.0,ftp://ftp.ncbi.nlm.nih.gov/genomes/all/GCF/002/575/655/GCF_002575655.2_Aet_v5.0
PRJNA521068,Vigna unguiculata,Eukaryota;Plants;Land Plants,,SAMN06674009,GCA_004118075.1, Chromosome,519.067,33.0643,chromosome 1:NC_040279.1/CM014066.1; chromosome 2:NC_040280.1/CM014067.1; chromosome 3:NC_040281.1/CM014068.1; chromosome 4:NC_040282.1/CM014069.1; chromosome 5:NC_040283.1/CM014070.1; chromosome 6:NC_040284.1/CM014071.1; chromosome 7:NC_040285.1/CM014072.1; chromosome 8:NC_040286.1/CM014073.1; chromosome 9:NC_040287.1/CM014074.1; chromosome 10:NC_040288.1/CM014075.1; chromosome 11:NC_040289.1/CM014076.1; chloroplast Pltd:NC_018051.1/,NBOW01,682,41173,2019-01-29T00:00:00Z,ftp://ftp.ncbi.nlm.nih.gov/genomes/all/GCA/004/118/075/GCA_004118075.1_ASM411807v1,ftp://ftp.ncbi.nlm.nih.gov/genomes/all/GCF/004/118/075/GCF_004118075.1_ASM411807v1
PRJNA328963,Vigna angularis,Eukaryota;Plants;Land Plants,,SAMN03074979,GCA_001190045.1, Chromosome,467.301,34.6231,chromosome 1:NC_030637.1/CM003371.1; chromosome 2:NC_030638.1/CM003372.1; chromosome 3:NC_030639.1/CM003373.1; chromosome 4:NC_030640.1/CM003374.1; chromosome 5:NC_030641.1/CM003375.1; chromosome 6:NC_030642.1/CM003376.1; chromosome 7:NC_030643.1/CM003377.1; chromosome 8:NC_030644.1/CM003378.1; chromosome 9:NC_030645.1/CM003379.1; chromosome 10:NC_030646.1/CM003380.1; chromosome 11:NC_030647.1/CM003381.1; mitochondrion MT:NC_021092.1/; chloroplast Pltd:NC_021091.1/,JZJH01,37727,37769,2015-07-30T00:00:00Z,ftp://ftp.ncbi.nlm.nih.gov/genomes/all/GCA/001/190/045/GCA_001190045.1_Vigan1.1,ftp://ftp.ncbi.nlm.nih.gov/genomes/all/GCF/001/190/045/GCF_001190045.1_Vigan1.1
PRJNA796348,Trifolium pratense,Eukaryota;Plants;Land Plants,,SAMN20750279,GCA_020283565.1, Chromosome,414.027,33.7153,linkage group LG1:NC_060059.1/CM035398.1; linkage group LG2:NC_060060.1/CM035399.1; linkage group LG3:NC_060061.1/CM035400.1; linkage group LG4:NC_060062.1/CM035401.1; linkage group LG5:NC_060063.1/CM035402.1; linkage group LG6:NC_060064.1/CM035403.1; linkage group LG7:NC_060065.1/CM035404.1; mitochondrion MT:NC_048499.1/; plastid Pltd:NC_047412.1/,JAIHMJ01,90,47931,2021-10-05T00:00:00Z,ftp://ftp.ncbi.nlm.nih.gov/genomes/all/GCA/020/283/565/GCA_020283565.1_ARS_RC_1.1,ftp://ftp.ncbi.nlm.nih.gov/genomes/all/GCF/020/283/565/GCF_020283565.1_ARS_RC_1.1
PRJNA754407,Carya illinoinensis,Eukaryota;Plants;Land Plants,,SAMN16882287,GCA_018687715.1, Chromosome,674.433,36.3035,chromosome 1:NC_056752.1/CM031809.1; chromosome 2:NC_056753.1/CM031810.1; chromosome 3:NC_056754.1/CM031811.1; chromosome 4:NC_056755.1/CM031812.1; chromosome 5:NC_056756.1/CM031813.1; chromosome 6:NC_056757.1/CM031814.1; chromosome 7:NC_056758.1/CM031815.1; chromosome 8:NC_056759.1/CM031816.1; chromosome 9:NC_056760.1/CM031817.1; chromosome 10:NC_056761.1/CM031818.1; chromosome 11:NC_056762.1/CM031819.1; chromosome 12:NC_056763.1/CM031820.1; chromosome 13:NC_056764.1/CM031821.1; chromosome 14:NC_056765.1/CM031822.1; chromosome 15:NC_056766.1/CM031823.1; chromosome 16:NC_056767.1/CM031824.1; chloroplast Pltd:NC_041449.1/,JAEDWW01,35,54484,2021-06-03T00:00:00Z,ftp://ftp.ncbi.nlm.nih.gov/genomes/all/GCA/018/687/715/GCA_018687715.1_C.illinoinensisPawnee_v1,ftp://ftp.ncbi.nlm.nih.gov/genomes/all/GCF/018/687/715/GCF_018687715.1_C.illinoinensisPawnee_v1
PRJNA382149,Phalaenopsis equestris,Eukaryota;Plants;Land Plants,,SAMN02046388,GCA_001263595.1,Scaffold,1064.2,35.5002,chloroplast Pltd:NC_017609.1/,APLD01,89584,29894,2015-08-07T00:00:00Z,ftp://ftp.ncbi.nlm.nih.gov/genomes/all/GCA/001/263/595/GCA_001263595.1_ASM126359v1,ftp://ftp.ncbi.nlm.nih.gov/genomes/all/GCF/001/263/595/GCF_001263595.1_ASM126359v1
PRJNA268358,Sesamum indicum,Eukaryota;Plants;Land Plants,,SAMN02981519,GCA_000512975.1, Chromosome,275.059,35.2239,linkage group LG1:NC_026145.1/CM002349.1; linkage group LG2:NC_026146.1/CM002357.1; linkage group LG3:NC_026147.1/CM002358.1; linkage group LG4:NC_026148.1/CM002359.1; linkage group LG5:NC_026149.1/CM002360.1; linkage group LG6:NC_026150.1/CM002361.1; linkage group LG7:NC_026151.1/CM002362.1; linkage group LG8:NC_026152.1/CM002363.1; linkage group LG9:NC_026153.1/CM002364.1; linkage group LG10:NC_026154.1/CM002350.1; linkage group LG11:NC_026155.1/CM002351.1; linkage group LG12:NC_026156.1/CM002352.1; linkage group LG13:NC_026157.1/CM002353.1; linkage group LG14:NC_026158.1/CM002354.1; linkage group LG15:NC_026159.1/CM002355.1; linkage group LG16:NC_026160.1/CM002356.1; chloroplast Pltd:NC_016433.2/,APMJ01,16369,35410,2013-12-24T00:00:00Z,ftp://ftp.ncbi.nlm.nih.gov/genomes/all/GCA/000/512/975/GCA_000512975.1_S_indicum_v1.0,ftp://ftp.ncbi.nlm.nih.gov/genomes/all/GCF/000/512/975/GCF_000512975.1_S_indicum_v1.0
PRJEB14544,Betula pendula,Eukaryota;Plants;Land Plants,,SAMEA104091830,GCA_900184695.1,Scaffold,435.915,43.4386,mitochondrion MT:LT855379.1; chloroplast Pltd:LT855378.1,FXXK01,5644,0,2017-05-25T00:00:00Z,ftp://ftp.ncbi.nlm.nih.gov/genomes/all/GCA/900/184/695/GCA_900184695.1_Bpev01,
PRJNA438537,Rosa chinensis,Eukaryota;Plants;Land Plants,,SAMN07737764,GCA_002994745.2, Chromosome,515.119,38.8409,chromosome 1:NC_037088.1/CM009582.1; chromosome 2:NC_037089.1/CM009583.1; chromosome 3:NC_037090.1/CM009584.1; chromosome 4:NC_037091.1/CM009585.1; chromosome 5:NC_037092.1/CM009586.1; chromosome 6:NC_037093.1/CM009587.1; chromosome 7:NC_037094.1/CM009588.1; mitochondrion MT:CM009589.1; chloroplast Pltd:CM009590.1,PDCK01,53,48337,2018-03-13T00:00:00Z,ftp://ftp.ncbi.nlm.nih.gov/genomes/all/GCA/002/994/745/GCA_002994745.2_RchiOBHm-V2,ftp://ftp.ncbi.nlm.nih.gov/genomes/all/GCF/002/994/745/GCF_002994745.2_RchiOBHm-V2
PRJNA421955,Cucurbita pepo subsp. pepo,Eukaryota;Plants;Land Plants,,SAMN07125871,GCA_002806865.2, Chromosome,261.355,37.2561,chromosome LG01:NC_036638.1/CM008918.1; chromosome LG02:NC_036639.1/CM008919.1; chromosome LG03:NC_036640.1/CM008920.1; chromosome LG04:NC_036641.1/CM008921.1; chromosome LG05:NC_036642.1/CM008922.1; chromosome LG06:NC_036643.1/CM008923.1; chromosome LG07:NC_036644.1/CM008924.1; chromosome LG08:NC_036645.1/CM008925.1; chromosome LG09:NC_036646.1/CM008926.1; chromosome LG10:NC_036647.1/CM008927.1; chromosome LG11:NC_036648.1/CM008928.1; chromosome LG12:NC_036649.1/CM008929.1; chromosome LG13:NC_036650.1/CM008930.1; chromosome LG14:NC_036651.1/CM008931.1; chromosome LG15:NC_036652.1/CM008932.1; chromosome LG16:NC_036653.1/CM008933.1; chromosome LG17:NC_036654.1/CM008934.1; chromosome LG18:NC_036655.1/CM008935.1; chromosome LG19:NC_036656.1/CM008936.1; chromosome LG20:NC_036657.1/CM008937.1; mitochondrion MT:NC_014050.1/,NHTM01,25263,43466,2017-12-04T00:00:00Z,ftp://ftp.ncbi.nlm.nih.gov/genomes/all/GCA/002/806/865/GCA_002806865.2_ASM280686v2,ftp://ftp.ncbi.nlm.nih.gov/genomes/all/GCF/002/806/865/GCF_002806865.1_ASM280686v2
PRJNA656149,Aristolochia fimbriata,Eukaryota;Plants;Land Plants,IBCAS-2021,SAMN19931129,GCA_019845555.1, Chromosome,257.862,40.8495,chromosome 1:CM034078.1; chromosome 2:CM034079.1; chromosome 3:CM034080.1; chromosome 4:CM034081.1; chromosome 5:CM034082.1; chromosome 6:CM034083.1; chromosome 7:CM034084.1; chloroplast Pltd:CM034085.1,JAINDJ01,233,21855,2021-09-01T00:00:00Z,ftp://ftp.ncbi.nlm.nih.gov/genomes/all/GCA/019/845/555/GCA_019845555.1_ASM1984555v1,
PRJNA394242,Chenopodium quinoa,Eukaryota;Plants;Land Plants,,SAMN04338310,GCA_001683475.1,Scaffold,1333.55,37.0,chloroplast:NC_034949.1/,LPWI01,3487,63173,2016-07-11T00:00:00Z,ftp://ftp.ncbi.nlm.nih.gov/genomes/all/GCA/001/683/475/GCA_001683475.1_ASM168347v1,ftp://ftp.ncbi.nlm.nih.gov/genomes/all/GCF/001/683/475/GCF_001683475.1_ASM168347v1
PRJNA492326,Papaver somniferum,Eukaryota;Plants;Land Plants,,SAMN08604995,GCA_003573695.1, Chromosome,2715.53,37.3014,chromosome 1:NC_039358.1/CM010715.1; chromosome 2:NC_039359.1/CM010716.1; chromosome 3:NC_039360.1/CM010717.1; chromosome 4:NC_039361.1/CM010718.1; chromosome 5:NC_039362.1/CM010719.1; chromosome 6:NC_039363.1/CM010720.1; chromosome 7:NC_039364.1/CM010721.1; chromosome 8:NC_039365.1/CM010722.1; chromosome 9:NC_039366.1/CM010723.1; chromosome 10:NC_039367.1/CM010724.1; chromosome 11:NC_039368.1/CM010725.1; chloroplast Pltd:NC_029434.1/,PUWZ01,34381,84179,2018-09-10T00:00:00Z,ftp://ftp.ncbi.nlm.nih.gov/genomes/all/GCA/003/573/695/GCA_003573695.1_ASM357369v1,ftp://ftp.ncbi.nlm.nih.gov/genomes/all/GCF/003/573/695/GCF_003573695.1_ASM357369v1
PRJNA763527,Erigeron canadensis,Eukaryota;Plants;Land Plants,Cc75,SAMN13170886,GCA_010389155.1, Chromosome,426.383,34.0697,chromosome 1:NC_057761.1/CM021151.1; chromosome 2:NC_057762.1/CM021152.1; chromosome 3:NC_057763.1/CM021153.1; chromosome 4:NC_057764.1/CM021154.1; chromosome 5:NC_057765.1/CM021155.1; chromosome 6:NC_057766.1/CM021156.1; chromosome 7:NC_057767.1/CM021157.1; chromosome 8:NC_057768.1/CM021158.1; chromosome 9:NC_057769.1/CM021159.1; chloroplast Pltd:NC_046789.1/,WJPJ01,357,34584,2020-02-11T00:00:00Z,ftp://ftp.ncbi.nlm.nih.gov/genomes/all/GCA/010/389/155/GCA_010389155.1_C_canadensis_v1,ftp://ftp.ncbi.nlm.nih.gov/genomes/all/GCF/010/389/155/GCF_010389155.1_C_canadensis_v1
PRJNA542879,Sequoia sempervirens,Eukaryota;Plants;Land Plants,SESE104,SAMN11654426,GCA_007258455.2,Scaffold,26549.7,35.4,chloroplast Pltd:CM017438.1,VDFB02,393407,0,2019-07-22T00:00:00Z,ftp://ftp.ncbi.nlm.nih.gov/genomes/all/GCA/007/258/455/GCA_007258455.2_SESE.2.2,
PRJNA344915,Raphanus sativus,Eukaryota;Plants;Land Plants,,SAMN03084390,GCA_000801105.2,Scaffold,426.614,37.2045,mitochondrion MT:NC_018551.1/; chloroplast Pltd:NC_024469.1/,JRUI02,10676,61216,2014-12-12T00:00:00Z,ftp://ftp.ncbi.nlm.nih.gov/genomes/all/GCA/000/801/105/GCA_000801105.2_Rs1.0,ftp://ftp.ncbi.nlm.nih.gov/genomes/all/GCF/000/801/105/GCF_000801105.1_Rs1.0
PRJNA636344,Vitis riparia,Eukaryota;Plants;Land Plants,1030,SAMN10662253,GCA_004353265.1, Chromosome,500.267,34.5114,chromosome 1:NC_048431.1/CM014904.1; chromosome 2:NC_048432.1/CM014905.1; chromosome 3:NC_048433.1/CM014906.1; chromosome 4:NC_048434.1/CM014907.1; chromosome 5:NC_048435.1/CM014908.1; chromosome 6:NC_048436.1/CM014909.1; chromosome 7:NC_048437.1/CM014910.1; chromosome 8:NC_048438.1/CM014911.1; chromosome 9:NC_048439.1/CM014912.1; chromosome 10:NC_048440.1/CM014913.1; chromosome 11:NC_048441.1/CM014914.1; chromosome 12:NC_048442.1/CM014915.1; chromosome 13:NC_048443.1/CM014916.1; chromosome 14:NC_048444.1/CM014917.1; chromosome 15:NC_048445.1/CM014918.1; chromosome 16:NC_048446.1/CM014919.1; chromosome 17:NC_048447.1/CM014920.1; chromosome 18:NC_048448.1/CM014921.1; chromosome 19:NC_048449.1/CM014922.1; chloroplast Pltd:NC_039680.1/,SJAQ01,175,39906,2019-03-15T00:00:00Z,ftp://ftp.ncbi.nlm.nih.gov/genomes/all/GCA/004/353/265/GCA_004353265.1_EGFV_Vit.rip_1.0,ftp://ftp.ncbi.nlm.nih.gov/genomes/all/GCF/004/353/265/GCF_004353265.1_EGFV_Vit.rip_1.0
PRJNA525136,Glycine soja,Eukaryota;Plants;Land Plants,,SAMN09862384,GCA_004193775.2, Chromosome,1013.77,35.2469,chromosome 1:NC_041002.1/CM014357.1; chromosome 2:NC_041003.1/CM014358.1; chromosome 3:NC_041004.1/CM014359.1; chromosome 4:NC_041005.1/CM014360.1; chromosome 5:NC_041006.1/CM014361.1; chromosome 6:NC_041007.1/CM014362.1; chromosome 7:NC_041008.1/CM014363.1; chromosome 8:NC_041009.1/CM014364.1; chromosome 9:NC_041010.1/CM014365.1; chromosome 10:NC_041011.1/CM014366.1; chromosome 11:NC_041012.1/CM014367.1; chromosome 12:NC_041013.1/CM014368.1; chromosome 13:NC_041014.1/CM014369.1; chromosome 14:NC_041015.1/CM014370.1; chromosome 15:NC_041016.1/CM014371.1; chromosome 16:NC_041017.1/CM014372.1; chromosome 17:NC_041018.1/CM014373.1; chromosome 18:NC_041019.1/CM014374.1; chromosome 19:NC_041020.1/CM014375.1; chromosome 20:NC_041021.1/CM014376.1; mitochondrion MT:NC_039768.1/; chloroplast Pltd:NC_022868.1/,QZWG01,1120,69277,2019-02-13T00:00:00Z,ftp://ftp.ncbi.nlm.nih.gov/genomes/all/GCA/004/193/775/GCA_004193775.2_ASM419377v2,ftp://ftp.ncbi.nlm.nih.gov/genomes/all/GCF/004/193/775/GCF_004193775.1_ASM419377v2
PRJNA736965,Zingiber officinale,Eukaryota;Plants;Land Plants,,SAMN15647981,GCA_018446385.1, Chromosome,3090.43,39.1569,chromosome 1B:NC_055986.1/CM031511.1; chromosome 1A:NC_055987.1/CM031510.1; chromosome 2A:NC_055988.1/CM031512.1; chromosome 2B:NC_055989.1/CM031513.1; chromosome 3A:NC_055990.1/CM031514.1; chromosome 3B:NC_055991.1/CM031515.1; chromosome 4A:NC_055992.1/CM031516.1; chromosome 4B:NC_055993.1/CM031517.1; chromosome 5A:NC_055994.1/CM031518.1; chromosome 5B:NC_055995.1/CM031519.1; chromosome 6B:NC_055996.1/CM031521.1; chromosome 6A:NC_055997.1/CM031520.1; chromosome 7A:NC_055998.1/CM031522.1; chromosome 7B:NC_055999.1/CM031523.1; chromosome 8A:NC_056000.1/CM031524.1; chromosome 8B:NC_056001.1/CM031525.1; chromosome 9A:NC_056002.1/CM031526.1; chromosome 9B:NC_056003.1/CM031527.1; chromosome 10A:NC_056004.1/CM031506.1; chromosome 10B:NC_056005.1/CM031507.1; chromosome 11A:NC_056006.1/CM031508.1; chromosome 11B:NC_056007.1/CM031509.1; chloroplast Pltd:NC_044775.1/CM031528.1,JACMSC01,211,101860,2021-05-21T00:00:00Z,ftp://ftp.ncbi.nlm.nih.gov/genomes/all/GCA/018/446/385/GCA_018446385.1_Zo_v1.1,ftp://ftp.ncbi.nlm.nih.gov/genomes/all/GCF/018/446/385/GCF_018446385.1_Zo_v1.1
PRJNA268063,Populus euphratica,Eukaryota;Plants;Land Plants,,SAMN02981499,GCA_000495115.1,Scaffold,496.033,32.8012,chloroplast Pltd:NC_024747.1/,AOFL01,9615,49760,2013-11-01T00:00:00Z,ftp://ftp.ncbi.nlm.nih.gov/genomes/all/GCA/000/495/115/GCA_000495115.1_PopEup_1.0,ftp://ftp.ncbi.nlm.nih.gov/genomes/all/GCF/000/495/115/GCF_000495115.1_PopEup_1.0
PRJNA613008,Populus tomentosa,Eukaryota;Plants;Land Plants,GM15,SAMN14390005,GCA_018804465.1, Chromosome,739.803,33.6389,chromosome 1A:CM031968.1; chromosome 1D:CM031969.1; chromosome 2A:CM031970.1; chromosome 2D:CM031971.1; chromosome 3A:CM031972.1; chromosome 3D:CM031973.1; chromosome 4A:CM031974.1; chromosome 4D:CM031975.1; chromosome 5A:CM031976.1; chromosome 5D:CM031977.1; chromosome 6A:CM031978.1; chromosome 6D:CM031979.1; chromosome 7A:CM031980.1; chromosome 7D:CM031981.1; chromosome 8A:CM031982.1; chromosome 8D:CM031983.1; chromosome 9A:CM031984.1; chromosome 9D:CM031985.1; chromosome 10A:CM031986.1; chromosome 10D:CM031987.1; chromosome 11A:CM031988.1; chromosome 11D:CM031989.1; chromosome 12A:CM031990.1; chromosome 12D:CM031991.1; chromosome 13A:CM031992.1; chromosome 13D:CM031993.1; chromosome 14A:CM031994.1; chromosome 14D:CM031995.1; chromosome 15A:CM031996.1; chromosome 15D:CM031997.1; chromosome 16A:CM031998.1; chromosome 16D:CM031999.1; chromosome 17A:CM032000.1; chromosome 17D:CM032001.1; chromosome 18A:CM032002.1; chromosome 18D:CM032003.1; chromosome 19A:CM032004.1; chromosome 19D:CM032005.1; chloroplast Pltd:CM032033.1,JAAWWB01,2405,59102,2021-06-09T00:00:00Z,ftp://ftp.ncbi.nlm.nih.gov/genomes/all/GCA/018/804/465/GCA_018804465.1_PTv2,
PRJNA246160,Prunus mume,Eukaryota;Plants;Land Plants,4,SAMN02981503,GCA_000346735.1, Chromosome,234.03,38.327,linkage group LG1:NC_024126.1/CM001826.1; linkage group LG2:NC_024127.1/CM001827.1; linkage group LG3:NC_024128.1/CM001828.1; linkage group LG4:NC_024129.1/CM001829.1; linkage group LG5:NC_024130.1/CM001830.1; linkage group LG6:NC_024131.1/CM001831.1; linkage group LG7:NC_024132.1/CM001832.1; linkage group LG8:NC_024133.1/CM001833.1; plastid Pltd:NC_023798.1/,AOHF01,8626,29705,2013-02-28T00:00:00Z,ftp://ftp.ncbi.nlm.nih.gov/genomes/all/GCA/000/346/735/GCA_000346735.1_P.mume_V1.0,ftp://ftp.ncbi.nlm.nih.gov/genomes/all/GCF/000/346/735/GCF_000346735.1_P.mume_V1.0
PRJNA371634,Ananas comosus,Eukaryota;Plants;Land Plants,,SAMN04316497,GCA_001540865.1, Chromosome,382.056,38.5371,linkage group 1:NC_033621.1/CM003813.1; linkage group 2:NC_033622.1/CM003814.1; linkage group 3:NC_033623.1/CM003815.1; linkage group 4:NC_033624.1/CM003816.1; linkage group 5:NC_033625.1/CM003817.1; linkage group 6:NC_033626.1/CM003818.1; linkage group 7:NC_033627.1/CM003819.1; linkage group 8:NC_033628.1/CM003820.1; linkage group 9:NC_033629.1/CM003821.1; linkage group 10:NC_033630.1/CM003822.1; linkage group 11:NC_033631.1/CM003823.1; linkage group 12:NC_033632.1/CM003824.1; linkage group 13:NC_033633.1/CM003825.1; linkage group 14:NC_033634.1/CM003826.1; linkage group 15:NC_033635.1/CM003827.1; linkage group 16:NC_033636.1/CM003828.1; linkage group 17:NC_033637.1/CM003829.1; linkage group 18:NC_033638.1/CM003830.1; linkage group 19:NC_033639.1/CM003831.1; linkage group 20:NC_033640.1/CM003832.1; linkage group 21:NC_033641.1/CM003833.1; linkage group 22:NC_033642.1/CM003834.1; linkage group 23:NC_033643.1/CM003835.1; linkage group 24:NC_033644.1/CM003836.1; linkage group 25:NC_033645.1/CM003837.1; chloroplast Pltd:NC_026220.1/,LODP01,3129,35775,2016-01-25T00:00:00Z,ftp://ftp.ncbi.nlm.nih.gov/genomes/all/GCA/001/540/865/GCA_001540865.1_ASM154086v1,ftp://ftp.ncbi.nlm.nih.gov/genomes/all/GCF/001/540/865/GCF_001540865.1_ASM154086v1
PRJNA580467,Punica granatum,Eukaryota;Plants;Land Plants,Tunisia-2019,SAMN05193489,GCA_007655135.2, Chromosome,320.494,40.3699,chromosome 1:NC_045127.1/CM018611.1; chromosome 2:NC_045128.1/CM018612.1; chromosome 3:NC_045129.1/CM018613.1; chromosome 4:NC_045130.1/CM018614.1; chromosome 5:NC_045131.1/CM018615.1; chromosome 6:NC_045132.1/CM018616.1; chromosome 7:NC_045133.1/CM018617.1; chromosome 8:NC_045134.1/CM018618.1; chloroplast Pltd:NC_035240.1/,MABG02,474,36608,2019-07-30T00:00:00Z,ftp://ftp.ncbi.nlm.nih.gov/genomes/all/GCA/007/655/135/GCA_007655135.2_ASM765513v2,ftp://ftp.ncbi.nlm.nih.gov/genomes/all/GCF/007/655/135/GCF_007655135.1_ASM765513v2
PRJNA771370,Mangifera indica,Eukaryota;Plants;Land Plants,,SAMN09899728,GCA_011075055.1, Chromosome,391.962,32.74,chromosome 1:NC_058137.1/CM021837.1; chromosome 2:NC_058138.1/CM021838.1; chromosome 3:NC_058139.1/CM021839.1; chromosome 4:NC_058140.1/CM021840.1; chromosome 5:NC_058141.1/CM021841.1; chromosome 6:NC_058142.1/CM021842.1; chromosome 7:NC_058143.1/CM021843.1; chromosome 8:NC_058144.1/CM021844.1; chromosome 9:NC_058145.1/CM021845.1; chromosome 10:NC_058146.1/CM021846.1; chromosome 11:NC_058147.1/CM021847.1; chromosome 12:NC_058148.1/CM021848.1; chromosome 13:NC_058149.1/CM021849.1; chromosome 14:NC_058150.1/CM021850.1; chromosome 15:NC_058151.1/CM021851.1; chromosome 16:NC_058152.1/CM021852.1; chromosome 17:NC_058153.1/CM021853.1; chromosome 18:NC_058154.1/CM021854.1; chromosome 19:NC_058155.1/CM021855.1; chromosome 20:NC_058156.1/CM021856.1; mitochondrion MT:CM021857.1; chloroplast Pltd:CM021858.1,JAAHBS01,250,52078,2020-03-09T00:00:00Z,ftp://ftp.ncbi.nlm.nih.gov/genomes/all/GCA/011/075/055/GCA_011075055.1_CATAS_Mindica_2.1,ftp://ftp.ncbi.nlm.nih.gov/genomes/all/GCF/011/075/055/GCF_011075055.1_CATAS_Mindica_2.1
PRJNA392013,Avicennia marina,Eukaryota;Plants;Land Plants,PICH2015,SAMN07280510,GCA_019155195.1, Chromosome,457.335,33.4624,chromosome 1:CM032753.1; chromosome 2:CM032754.1; chromosome 3:CM032755.1; chromosome 4:CM032756.1; chromosome 5:CM032757.1; chromosome 6:CM032758.1; chromosome 7:CM032759.1; chromosome 8:CM032760.1; chromosome 9:CM032761.1; chromosome 10:CM032762.1; chromosome 11:CM032763.1; chromosome 12:CM032764.1; chromosome 13:CM032765.1; chromosome 14:CM032766.1; chromosome 15:CM032767.1; chromosome 16:CM032768.1; chromosome 17:CM032769.1; chromosome 18:CM032770.1; chromosome 19:CM032771.1; chromosome 20:CM032772.1; chromosome 21:CM032773.1; chromosome 22:CM032774.1; chromosome 23:CM032775.1; chromosome 24:CM032776.1; chromosome 25:CM032777.1; chromosome 26:CM032778.1; chromosome 27:CM032779.1; chromosome 28:CM032780.1; chromosome 29:CM032781.1; chromosome 30:CM032782.1; chromosome 31:CM032783.1; mitochondrion MT:CM032784.1; chloroplast Pltd:CM032785.1,JACDXK01,34,0,2021-07-07T00:00:00Z,ftp://ftp.ncbi.nlm.nih.gov/genomes/all/GCA/019/155/195/GCA_019155195.1_amgenome_v1.0,
PRJNA633601,Setaria viridis,Eukaryota;Plants;Land Plants,,SAMN05660902,GCA_005286985.1, Chromosome,395.87,46.1868,chromosome 1:NC_048263.1/CM016552.1; chromosome 2:NC_048264.1/CM016553.1; chromosome 3:NC_048265.1/CM016554.1; chromosome 4:NC_048266.1/CM016555.1; chromosome 5:NC_048267.1/CM016556.1; chromosome 6:NC_048268.1/CM016557.1; chromosome 7:NC_048269.1/CM016558.1; chromosome 8:NC_048270.1/CM016559.1; chromosome 9:NC_048271.1/CM016560.1; chloroplast Pltd:NC_028075.1/,SNSE01,76,39206,2019-05-07T00:00:00Z,ftp://ftp.ncbi.nlm.nih.gov/genomes/all/GCA/005/286/985/GCA_005286985.1_Setaria_viridis_v2.0,ftp://ftp.ncbi.nlm.nih.gov/genomes/all/GCF/005/286/985/GCF_005286985.1_Setaria_viridis_v2.0
PRJNA762450,Vicia sativa,Eukaryota;Plants;Land Plants,South Australia,SAMN21393724,GCA_021764765.1, Chromosome,1653.55,35.6318,chromosome 1:CM038792.1; chromosome 2:CM038793.1; chromosome 3:CM038794.1; chromosome 4:CM038795.1; chromosome 5:CM038796.1; chromosome 6:CM038797.1; chloroplast Pltd:CM038904.1,JAIZHG01,18,0,2022-01-11T00:00:00Z,ftp://ftp.ncbi.nlm.nih.gov/genomes/all/GCA/021/764/765/GCA_021764765.1_ASM2176476v1,
PRJNA350852,Juglans regia,Eukaryota;Plants;Land Plants,,SAMN03704235,GCA_001411555.2, Chromosome,572.947,36.2241,chromosome 1:NC_049901.1/CM023841.1; chromosome 2:NC_049902.1/CM023842.1; chromosome 3:NC_049903.1/CM023843.1; chromosome 4:NC_049904.1/CM023844.1; chromosome 5:NC_049905.1/CM023845.1; chromosome 6:NC_049906.1/CM023846.1; chromosome 7:NC_049907.1/CM023847.1; chromosome 8:NC_049908.1/CM023848.1; chromosome 9:NC_049909.1/CM023849.1; chromosome 10:NC_049910.1/CM023850.1; chromosome 11:NC_049911.1/CM023851.1; chromosome 12:NC_049912.1/CM023852.1; chromosome 13:NC_049913.1/CM023853.1; chromosome 14:NC_049914.1/CM023854.1; chromosome 15:NC_049915.1/CM023855.1; chromosome 16:NC_049916.1/CM023856.1; chloroplast Pltd:NC_028617.1/,LIHL02,24757,45959,2015-10-22T00:00:00Z,ftp://ftp.ncbi.nlm.nih.gov/genomes/all/GCA/001/411/555/GCA_001411555.2_Walnut_2.0,ftp://ftp.ncbi.nlm.nih.gov/genomes/all/GCF/001/411/555/GCF_001411555.2_Walnut_2.0
PRJNA625382,Tetracentron sinense,Eukaryota;Plants;Land Plants,YNK0,SAMN14615867,GCA_015143295.1, Chromosome,1161.36,38.4516,chromosome 1:CM026551.1; chromosome 2:CM026552.1; chromosome 3:CM026553.1; chromosome 4:CM026554.1; chromosome 5:CM026555.1; chromosome 6:CM026556.1; chromosome 7:CM026557.1; chromosome 8:CM026558.1; chromosome 9:CM026559.1; chromosome 10:CM026560.1; chromosome 11:CM026561.1; chromosome 12:CM026562.1; chromosome 13:CM026563.1; chromosome 14:CM026564.1; chromosome 15:CM026565.1; chromosome 16:CM026566.1; chromosome 17:CM026567.1; chromosome 18:CM026568.1; chromosome 19:CM026569.1; chromosome 20:CM026570.1; chromosome 21:CM026571.1; chromosome 22:CM026572.1; chromosome 23:CM026573.1; chromosome 24:CM026574.1; chloroplast Pltd:CM026582.1; mitochondrion:CM026581.1,JABCRI01,1485,32739,2020-10-30T00:00:00Z,ftp://ftp.ncbi.nlm.nih.gov/genomes/all/GCA/015/143/295/GCA_015143295.1_ASM1514329v1,
PRJNA509734,Eucalyptus regnans,Eukaryota;Plants;Land Plants,sf005,SAMN14929765,GCA_014182855.1, Chromosome,495.129,39.404,chromosome 1:CM024477.1; chromosome 2:CM024478.1; chromosome 3:CM024479.1; chromosome 4:CM024480.1; chromosome 5:CM024481.1; chromosome 6:CM024482.1; chromosome 7:CM024483.1; chromosome 8:CM024484.1; chromosome 9:CM024485.1; chromosome 10:CM024486.1; chromosome 11:CM024487.1; chloroplast Pltd:CM024489.1,JABJWG01,42,0,2020-08-13T00:00:00Z,ftp://ftp.ncbi.nlm.nih.gov/genomes/all/GCA/014/182/855/GCA_014182855.1_ASM1418285v1,
PRJNA509734,Eucalyptus cladocalyx,Eukaryota;Plants;Land Plants,CCA3497,SAMN16414697,GCA_017140615.1, Chromosome,544.245,39.3163,chromosome 1:CM029516.1; chromosome 2:CM029517.1; chromosome 3:CM029518.1; chromosome 4:CM029519.1; chromosome 5:CM029520.1; chromosome 6:CM029521.1; chromosome 7:CM029522.1; chromosome 8:CM029523.1; chromosome 9:CM029524.1; chromosome 10:CM029525.1; chromosome 11:CM029526.1; chloroplast Pltd:CM029529.1,JADGSE01,23,0,2021-03-02T00:00:00Z,ftp://ftp.ncbi.nlm.nih.gov/genomes/all/GCA/017/140/615/GCA_017140615.1_ASM1714061v1,
PRJNA509734,Eucalyptus curtisii,Eukaryota;Plants;Land Plants,ANBG-68981,SAMN16414698,GCA_017140595.1, Chromosome,435.421,39.6744,chromosome 1:CM029494.1; chromosome 2:CM029495.1; chromosome 3:CM029496.1; chromosome 4:CM029497.1; chromosome 5:CM029498.1; chromosome 6:CM029499.1; chromosome 7:CM029500.1; chromosome 8:CM029501.1; chromosome 9:CM029502.1; chromosome 10:CM029503.1; chromosome 11:CM029504.1; chloroplast Pltd:CM029528.1,JADGSD01,15,0,2021-03-02T00:00:00Z,ftp://ftp.ncbi.nlm.nih.gov/genomes/all/GCA/017/140/595/GCA_017140595.1_ASM1714059v1,
PRJNA509734,Angophora floribunda,Eukaryota;Plants;Land Plants,sf002,SAMN12996705,GCA_014182895.1, Chromosome,388.367,39.1256,chromosome 1:CM024705.1; chromosome 2:CM024706.1; chromosome 3:CM024707.1; chromosome 4:CM024708.1; chromosome 5:CM024709.1; chromosome 6:CM024710.1; chromosome 7:CM024711.1; chromosome 8:CM024712.1; chromosome 9:CM024713.1; chromosome 10:CM024714.1; chromosome 11:CM024715.1; chloroplast Pltd:CM024716.1,JABKBU01,37,0,2020-08-13T00:00:00Z,ftp://ftp.ncbi.nlm.nih.gov/genomes/all/GCA/014/182/895/GCA_014182895.1_ASM1418289v1,
PRJNA509734,Eucalyptus cloeziana,Eukaryota;Plants;Land Plants,ANBG68772,SAMN13016249,GCA_014182715.1, Chromosome,480.235,39.3905,chromosome 1:CM024634.1; chromosome 2:CM024635.1; chromosome 3:CM024636.1; chromosome 4:CM024637.1; chromosome 5:CM024638.1; chromosome 6:CM024639.1; chromosome 7:CM024640.1; chromosome 8:CM024641.1; chromosome 9:CM024642.1; chromosome 10:CM024643.1; chromosome 11:CM024644.1; chloroplast Pltd:CM024645.1,JABKBO01,25,0,2020-08-13T00:00:00Z,ftp://ftp.ncbi.nlm.nih.gov/genomes/all/GCA/014/182/715/GCA_014182715.1_ASM1418271v1,
PRJNA509734,Eucalyptus microcorys,Eukaryota;Plants;Land Plants,ANBG-224,SAMN12996702,GCA_014182515.1, Chromosome,441.067,39.3829,chromosome 1:CM024562.1; chromosome 2:CM024563.1; chromosome 3:CM024564.1; chromosome 4:CM024565.1; chromosome 5:CM024566.1; chromosome 6:CM024567.1; chromosome 7:CM024568.1; chromosome 8:CM024569.1; chromosome 9:CM024570.1; chromosome 10:CM024571.1; chromosome 11:CM024572.1; chloroplast Pltd:CM024596.1,JABKBH01,25,0,2020-08-13T00:00:00Z,ftp://ftp.ncbi.nlm.nih.gov/genomes/all/GCA/014/182/515/GCA_014182515.1_ASM1418251v1,
PRJNA509734,Eucalyptus marginata,Eukaryota;Plants;Land Plants,ANBG9806545,SAMN10587503,GCA_014182565.1, Chromosome,513.053,39.5386,chromosome 1:CM024585.1; chromosome 2:CM024586.1; chromosome 3:CM024587.1; chromosome 4:CM024588.1; chromosome 5:CM024589.1; chromosome 6:CM024590.1; chromosome 7:CM024591.1; chromosome 8:CM024592.1; chromosome 9:CM024593.1; chromosome 10:CM024594.1; chromosome 11:CM024595.1; chloroplast Pltd:CM024608.1,JABKBI01,68,0,2020-08-13T00:00:00Z,ftp://ftp.ncbi.nlm.nih.gov/genomes/all/GCA/014/182/565/GCA_014182565.1_ASM1418256v1,
PRJNA509734,Eucalyptus guilfoylei,Eukaryota;Plants;Land Plants,CCA5924,SAMN16414701,GCA_016097605.1, Chromosome,472.517,39.5033,chromosome 1:CM027860.1; chromosome 2:CM027861.1; chromosome 3:CM027862.1; chromosome 4:CM027863.1; chromosome 5:CM027864.1; chromosome 6:CM027865.1; chromosome 7:CM027866.1; chromosome 8:CM027867.1; chromosome 9:CM027868.1; chromosome 10:CM027869.1; chromosome 11:CM027870.1; chloroplast Pltd:CM027882.1,JADPVU01,14,0,2020-12-16T00:00:00Z,ftp://ftp.ncbi.nlm.nih.gov/genomes/all/GCA/016/097/605/GCA_016097605.1_ASM1609760v1,
PRJNA509734,Corymbia maculata,Eukaryota;Plants;Land Plants,sf003,SAMN12996707,GCA_014182735.1, Chromosome,403.979,39.2104,chromosome 1:CM024682.1; chromosome 2:CM024683.1; chromosome 3:CM024684.1; chromosome 4:CM024685.1; chromosome 5:CM024686.1; chromosome 6:CM024687.1; chromosome 7:CM024688.1; chromosome 8:CM024689.1; chromosome 9:CM024690.1; chromosome 10:CM024691.1; chromosome 11:CM024692.1; chloroplast Pltd:CM024704.1,JABKBS01,25,0,2020-08-13T00:00:00Z,ftp://ftp.ncbi.nlm.nih.gov/genomes/all/GCA/014/182/735/GCA_014182735.1_ASM1418273v1,
PRJNA509734,Eucalyptus erythrocorys,Eukaryota;Plants;Land Plants,ANBG9806156,SAMN12996700,GCA_014182555.1, Chromosome,539.357,39.6286,chromosome 1:CM024597.1; chromosome 2:CM024598.1; chromosome 3:CM024599.1; chromosome 4:CM024600.1; chromosome 5:CM024601.1; chromosome 6:CM024602.1; chromosome 7:CM024603.1; chromosome 8:CM024604.1; chromosome 9:CM024605.1; chromosome 10:CM024606.1; chromosome 11:CM024607.1; chloroplast Pltd:CM024631.1,JABKBL01,13,0,2020-08-13T00:00:00Z,ftp://ftp.ncbi.nlm.nih.gov/genomes/all/GCA/014/182/555/GCA_014182555.1_ASM1418255v1,
PRJNA509734,Eucalyptus melliodora,Eukaryota;Plants;Land Plants,CSIROg1,SAMN10587502,GCA_004368105.2, Chromosome,624.609,38.9419,chromosome 1:CM023402.1; chromosome 2:CM023403.1; chromosome 3:CM023404.1; chromosome 4:CM023405.1; chromosome 5:CM023406.1; chromosome 6:CM023407.1; chromosome 7:CM023408.1; chromosome 8:CM023409.1; chromosome 9:CM023410.1; chromosome 10:CM023411.1; chromosome 11:CM023412.1,SISH02,449,0,2019-03-25T00:00:00Z,ftp://ftp.ncbi.nlm.nih.gov/genomes/all/GCA/004/368/105/GCA_004368105.2_ASM436810v2,
PRJNA256387,Solanum pennellii,Eukaryota;Plants;Land Plants,,SAMEA3283146,GCA_001406875.2, Chromosome,926.426,35.6914,chromosome 1:NC_028637.1/HG975440.1; chromosome 2:NC_028638.1/HG975441.1; chromosome 3:NC_028639.1/HG975442.1; chromosome 4:NC_028640.1/HG975443.1; chromosome 5:NC_028641.1/HG975444.1; chromosome 6:NC_028642.1/HG975445.1; chromosome 7:NC_028643.1/HG975446.1; chromosome 8:NC_028644.1/HG975447.1; chromosome 9:NC_028645.1/HG975448.1; chromosome 10:NC_028646.1/HG975449.1; chromosome 11:NC_028647.1/HG975450.1; chromosome 12:NC_028648.1/HG975451.1; chloroplast Pltd:HG975452.1,,12,38023,2014-06-25T00:00:00Z,ftp://ftp.ncbi.nlm.nih.gov/genomes/all/GCA/001/406/875/GCA_001406875.2_SPENNV200,ftp://ftp.ncbi.nlm.nih.gov/genomes/all/GCF/001/406/875/GCF_001406875.1_SPENNV200
PRJNA713541,Fraxinus excelsior,Eukaryota;Plants;Land Plants,FRAX-001,SAMN18253904,GCA_019097785.1, Chromosome,807.608,34.4209,chromosome 1:CM032623.1; chromosome 2:CM032624.1; chromosome 3:CM032625.1; chromosome 4:CM032626.1; chromosome 5:CM032627.1; chromosome 6:CM032628.1; chromosome 7:CM032629.1; chromosome 8:CM032630.1; chromosome 9:CM032631.1; chromosome 10:CM032632.1; chromosome 11:CM032633.1; chromosome 12:CM032634.1; chromosome 13:CM032635.1; chromosome 14:CM032636.1; chromosome 15:CM032637.1; chromosome 16:CM032638.1; chromosome 17:CM032639.1; chromosome 18:CM032640.1; chromosome 19:CM032641.1; chromosome 20:CM032642.1; chromosome 21:CM032643.1; chromosome 22:CM032644.1; chromosome 23:CM032645.1; chloroplast Pltd:CM032646.1,JAGHKM01,421,0,2021-07-02T00:00:00Z,ftp://ftp.ncbi.nlm.nih.gov/genomes/all/GCA/019/097/785/GCA_019097785.1_FRAX_001_PL,
PRJNA748012,Macadamia integrifolia,Eukaryota;Plants;Land Plants,,SAMN13508564,GCA_013358625.1, Chromosome,744.937,39.2926,chromosome 1:NC_056557.1/CM023665.1; chromosome 2:NC_056558.1/CM023666.1; chromosome 3:NC_056559.1/CM023667.1; chromosome 4:NC_056560.1/CM023668.1; chromosome 5:NC_056561.1/CM023669.1; chromosome 6:NC_056562.1/CM023670.1; chromosome 7:NC_056563.1/CM023671.1; chromosome 8:NC_056564.1/CM023672.1; chromosome 9:NC_056565.1/CM023673.1; chromosome 10:NC_056566.1/CM023674.1; chromosome 11:NC_056567.1/CM023675.1; chromosome 12:NC_056568.1/CM023676.1; chromosome 13:NC_056569.1/CM023677.1; chromosome 14:NC_056570.1/CM023678.1; chloroplast:NC_025288.1/,JAAEEG01,2644,46649,2020-06-17T00:00:00Z,ftp://ftp.ncbi.nlm.nih.gov/genomes/all/GCA/013/358/625/GCA_013358625.1_SCU_Mint_v3,ftp://ftp.ncbi.nlm.nih.gov/genomes/all/GCF/013/358/625/GCF_013358625.1_SCU_Mint_v3
PRJDB9433,Coccomyxa sp. Obi,Eukaryota;Plants;Green Algae,,SAMD00209879,GCA_020887355.1, Chromosome,50.4064,52.2143,chromosome 1:AP024988.1; chromosome 2:AP024989.1; chromosome 3:AP024990.1; chromosome 4:AP024991.1; chromosome 5:AP024992.1; chromosome 6:AP024993.1; chromosome 7:AP024994.1; chromosome 8:AP024995.1; chromosome 9:AP024996.1; chromosome 10:AP024997.1; chromosome 12:AP024999.1; chromosome 13:AP025000.1; chromosome 14:AP025001.1; chromosome 15:AP025002.1; chromosome 16:AP025003.1; chromosome 17:AP025004.1; chromosome 18:AP025005.1; chromosome 19:AP025006.1; mitochondrion MT:AP025007.1; chloroplast Pltd:AP025008.1,,21,11588,2021-10-05T00:00:00Z,ftp://ftp.ncbi.nlm.nih.gov/genomes/all/GCA/020/887/355/GCA_020887355.1_COCOBI_1.0,
PRJNA418600,Picochlorum sp. 'soloecismus',Eukaryota;Plants;Green Algae,DOE 101,SAMN08031155,GCA_002818215.1,Scaffold,15.2525,44.332,mitochondrion MT:CM008992.1; chloroplast Pltd:CM008993.1,PJAJ01,38,0,2017-12-08T00:00:00Z,ftp://ftp.ncbi.nlm.nih.gov/genomes/all/GCA/002/818/215/GCA_002818215.1_ASM281821v1,
PRJNA293989,Monoraphidium neglectum,Eukaryota;Plants;Green Algae,SAG 48.87,SAMN02981574,GCA_000611645.1,Scaffold,69.7118,64.1131,mitochondrion MT:NW_014013625.1/CM002677.1; chloroplast CP:NW_014013626.1/CM002678.1,AYTC01,6720,16755,2014-03-28T00:00:00Z,ftp://ftp.ncbi.nlm.nih.gov/genomes/all/GCA/000/611/645/GCA_000611645.1_mono_v1,ftp://ftp.ncbi.nlm.nih.gov/genomes/all/GCF/000/611/645/GCF_000611645.1_mono_v1
PRJNA691360,Hibiscus syriacus,Eukaryota;Plants;Land Plants,YM2019G1,SAMN11494363,GCA_006381635.2,Scaffold,1826.93,34.2002,chloroplast Pltd:NC_026909.1/,VEPZ02,1789,81925,2019-06-19T00:00:00Z,ftp://ftp.ncbi.nlm.nih.gov/genomes/all/GCA/006/381/635/GCA_006381635.2_ASM638163v2,ftp://ftp.ncbi.nlm.nih.gov/genomes/all/GCF/006/381/635/GCF_006381635.1_ASM638163v2
PRJNA481434,Alloteropsis semialata,Eukaryota;Plants;Land Plants,,SAMN09668083,GCA_004135705.1, Chromosome,747.772,46.2887,chromosome 1:CM014270.1; chromosome 2:CM014271.1; chromosome 3:CM014272.1; chromosome 4:CM014273.1; chromosome 5:CM014274.1; chromosome 6:CM014275.1; chromosome 7:CM014276.1; chromosome 8:CM014277.1; chromosome 9:CM014278.1; chloroplast Pltd:CM014279.1,QPGU01,688,0,2019-02-04T00:00:00Z,ftp://ftp.ncbi.nlm.nih.gov/genomes/all/GCA/004/135/705/GCA_004135705.1_ASEM_AUS1_V1.0,
PRJNA629831,Coelastrella sp. MACC-549,Eukaryota;Plants;Green Algae,MACC-549,SAMN14792460,GCA_018290735.1,Scaffold,76.0916,51.1412,chloroplast Pltd:CM031383.1,JABEVS01,3743,0,2021-05-06T00:00:00Z,ftp://ftp.ncbi.nlm.nih.gov/genomes/all/GCA/018/290/735/GCA_018290735.1_ASM1829073v1,
PRJNA574457,Quercus lobata,Eukaryota;Plants;Land Plants,SW786,SAMN10584531,GCA_001633185.5, Chromosome,845.947,35.4253,chromosome 1:NC_044904.1/CM012293.1; chromosome 2:NC_044905.1/CM012294.1; chromosome 3:NC_044906.1/CM012295.1; chromosome 4:NC_044907.1/CM012296.1; chromosome 5:NC_044908.1/CM012297.1; chromosome 6:NC_044909.1/CM012298.1; chromosome 7:NC_044910.1/CM012299.1; chromosome 8:NC_044911.1/CM012300.1; chromosome 9:NC_044912.1/CM012301.1; chromosome 10:NC_044913.1/CM012302.1; chromosome 11:NC_044914.1/CM012303.1; chromosome 12:NC_044915.1/CM012304.1; chloroplast Pltd:CM012305.2,LRBV02,2002,53226,2016-04-28T00:00:00Z,ftp://ftp.ncbi.nlm.nih.gov/genomes/all/GCA/001/633/185/GCA_001633185.5_ValleyOak3.2,ftp://ftp.ncbi.nlm.nih.gov/genomes/all/GCF/001/633/185/GCF_001633185.2_ValleyOak3.2
PRJDB718,Klebsormidium nitens,Eukaryota;Plants;Other Plants,NIES-2285,SAMD00000399,GCA_000708835.1,Scaffold,104.21,52.3703,chloroplast Pltd:DF238762.1; mitochondrion MT:DF238763.1,BANV01,1814,16283,2014-05-29T00:00:00Z,ftp://ftp.ncbi.nlm.nih.gov/genomes/all/GCA/000/708/835/GCA_000708835.1_ASM70883v1,
PRJNA578116,Pistacia vera,Eukaryota;Plants;Land Plants,,SAMN11269074,GCA_008641045.1,Scaffold,671.28,36.0005,plastid Pltd:NC_034998.1/,VTWI01,1865,41299,2019-09-23T00:00:00Z,ftp://ftp.ncbi.nlm.nih.gov/genomes/all/GCA/008/641/045/GCA_008641045.1_PisVer_v2,ftp://ftp.ncbi.nlm.nih.gov/genomes/all/GCF/008/641/045/GCF_008641045.1_PisVer_v2
PRJNA587754,Nymphaea colorata,Eukaryota;Plants;Land Plants,Beijing-Zhang1983,SAMN12766378,GCA_008831285.1, Chromosome,409.014,38.5932,chromosome 1:NC_045138.1/CM018369.1; chromosome 2:NC_045139.1/CM018370.1; chromosome 3:NC_045140.1/CM018371.1; chromosome 4:NC_045141.1/CM018372.1; chromosome 5:NC_045142.1/CM018373.1; chromosome 6:NC_045143.1/CM018374.1; chromosome 7:NC_045144.1/CM018375.1; chromosome 8:NC_045145.1/CM018376.1; chromosome 9:NC_045146.1/CM018377.1; chromosome 10:NC_045147.1/CM018378.1; chromosome 11:NC_045148.1/CM018379.1; chromosome 12:NC_045149.1/CM018380.1; chromosome 13:NC_045150.1/CM018381.1; chromosome 14:NC_045151.1/CM018382.1; mitochondrion MT:NC_037468.1/,VYXN01,800,33500,2019-09-24T00:00:00Z,ftp://ftp.ncbi.nlm.nih.gov/genomes/all/GCA/008/831/285/GCA_008831285.1_ASM883128v1,ftp://ftp.ncbi.nlm.nih.gov/genomes/all/GCF/008/831/285/GCF_008831285.1_ASM883128v1
PRJNA574454,Ipomoea triloba,Eukaryota;Plants;Land Plants,,SAMN08285276,GCA_003576645.1, Chromosome,461.989,36.4362,chromosome 1:NC_044916.1/CP025660.1; chromosome 2:NC_044917.1/CP025661.1; chromosome 3:NC_044918.1/CP025662.1; chromosome 4:NC_044919.1/CP025663.1; chromosome 5:NC_044920.1/CP025664.1; chromosome 6:NC_044921.1/CP025665.1; chromosome 7:NC_044922.1/CP025666.1; chromosome 8:NC_044923.1/CP025667.1; chromosome 9:NC_044924.1/CP025668.1; chromosome 10:NC_044925.1/CP025669.1; chromosome 11:NC_044926.1/CP025670.1; chromosome 12:NC_044927.1/CP025671.1; chromosome 13:NC_044928.1/CP025672.1; chromosome 14:NC_044929.1/CP025673.1; chromosome 15:NC_044930.1/CP025674.1; chromosome 16:NC_044931.1/CP025675.1; chloroplast Pltd:NC_037913.1/,,17,42046,2018-09-19T00:00:00Z,ftp://ftp.ncbi.nlm.nih.gov/genomes/all/GCA/003/576/645/GCA_003576645.1_ASM357664v1,ftp://ftp.ncbi.nlm.nih.gov/genomes/all/GCF/003/576/645/GCF_003576645.1_ASM357664v1
PRJNA637367,Scenedesmus sp. PABB004,Eukaryota;Plants;Green Algae,PABB004,SAMN15103613,GCA_014905635.1, Chromosome,39.974,78.3731,chromosome 1:CM026547.1; chromosome 2:CM026548.1; mitochondrion MT:CM026549.1,JABVCE01,80,6947,2020-10-22T00:00:00Z,ftp://ftp.ncbi.nlm.nih.gov/genomes/all/GCA/014/905/635/GCA_014905635.1_UMN_S.PABB004_v1,
PRJNA737421,Salvia splendens,Eukaryota;Plants;Land Plants,huo1,SAMN08162997,GCA_004379255.2, Chromosome,806.486,38.8452,chromosome 1:NC_056032.1/CM031472.1; chromosome 2:NC_056033.1/CM031473.1; chromosome 3:NC_056034.1/CM031474.1; chromosome 4:NC_056035.1/CM031475.1; chromosome 5:NC_056036.1/CM031476.1; chromosome 6:NC_056037.1/CM031477.1; chromosome 7:NC_056038.1/CM031478.1; chromosome 8:NC_056039.1/CM031479.1; chromosome 9:NC_056040.1/CM031480.1; chromosome 10:NC_056041.1/CM031481.1; chromosome 11:NC_056042.1/CM031482.1; chromosome 12:NC_056043.1/CM031483.1; chromosome 13:NC_056044.1/CM031484.1; chromosome 14:NC_056045.1/CM031485.1; chromosome 15:NC_056046.1/CM031486.1; chromosome 16:NC_056047.1/CM031487.1; chromosome 17:NC_056048.1/CM031488.1; chromosome 18:NC_056049.1/CM031489.1; chromosome 19:NC_056050.1/CM031490.1; chromosome 20:NC_056051.1/CM031491.1; chromosome 21:NC_056052.1/CM031492.1; chromosome 22:NC_056053.1/CM031493.1; mitochondrion MT:CM031494.1; chloroplast Pltd:NC_050901.1/CM031495.1,PNBA02,1178,79374,2019-03-26T00:00:00Z,ftp://ftp.ncbi.nlm.nih.gov/genomes/all/GCA/004/379/255/GCA_004379255.2_SspV2,ftp://ftp.ncbi.nlm.nih.gov/genomes/all/GCF/004/379/255/GCF_004379255.1_SspV2
PRJNA541481,Sequoiadendron giganteum,Eukaryota;Plants;Land Plants,SEGI21,SAMN11640747,GCA_007115665.2, Chromosome,8125.6,35.4521,chromosome 1:CM021100.1; chromosome 2:CM021101.1; chromosome 3:CM021102.1; chromosome 4:CM021103.1; chromosome 5:CM021104.1; chromosome 6:CM021105.1; chromosome 7:CM021106.1; chromosome 8:CM021107.1; chromosome 9:CM021108.1; chromosome 10:CM021109.1; chromosome 11:CM021110.1; chloroplast Pltd:CM017437.1,VCHN02,8216,0,2019-07-18T00:00:00Z,ftp://ftp.ncbi.nlm.nih.gov/genomes/all/GCA/007/115/665/GCA_007115665.2_SEGI.2.0,
PRJNA524417,Acer yangbiense,Eukaryota;Plants;Land Plants,Malutang-1-2009seedling,SAMN11026391,GCA_008009225.1, Chromosome,665.888,35.9704,chromosome 1:CM017761.1; chromosome 2:CM017762.1; chromosome 3:CM017763.1; chromosome 4:CM017764.1; chromosome 5:CM017765.1; chromosome 6:CM017766.1; chromosome 7:CM017767.1; chromosome 8:CM017768.1; chromosome 9:CM017769.1; chromosome 10:CM017770.1; chromosome 11:CM017771.1; chromosome 12:CM017772.1; chromosome 13:CM017773.1; mitochondrion MT:CM017774.1; chloroplast Pltd:CM017775.1,VAHF01,280,28308,2019-08-19T00:00:00Z,ftp://ftp.ncbi.nlm.nih.gov/genomes/all/GCA/008/009/225/GCA_008009225.1_AYv1.1,
PRJNA472210,Salix brachista,Eukaryota;Plants;Land Plants,br00,SAMN09235684,GCA_009078335.1, Chromosome,339.588,34.1556,chromosome 1:CM018572.1; chromosome 2:CM018573.1; chromosome 3:CM018574.1; chromosome 4:CM018575.1; chromosome 5:CM018576.1; chromosome 6:CM018577.1; chromosome 7:CM018578.1; chromosome 8:CM018579.1; chromosome 9:CM018580.1; chromosome 10:CM018581.1; chromosome 11:CM018582.1; chromosome 12:CM018583.1; chromosome 13:CM018584.1; chromosome 14:CM018585.1; chromosome 15:CM018586.1; chromosome 16:CM018587.1; chromosome 17:CM018588.1; chromosome 18:CM018589.1; chromosome 19:CM018590.1; mitochondrion MT:CM018591.1; chloroplast Pltd:CM018592.1,VDCV01,30,30209,2019-10-15T00:00:00Z,ftp://ftp.ncbi.nlm.nih.gov/genomes/all/GCA/009/078/335/GCA_009078335.1_ASM907833v1,
PRJNA389600,Picochlorum costavermella,Eukaryota;Plants;Green Algae,RCC4223,SAMN13264383,GCA_011316045.1,Scaffold,14.6424,45.9185,mitochondrion MT:CM022108.1; chloroplast Pltd:CM022109.1,WKLD01,127,0,2020-03-16T00:00:00Z,ftp://ftp.ncbi.nlm.nih.gov/genomes/all/GCA/011/316/045/GCA_011316045.1_ASM1131604v1,
PRJNA407277,Ostreococcus mediterraneus,Eukaryota;Plants;Green Algae,BCC125000,SAMN13292145,GCA_012295225.1,Scaffold,13.9845,55.6341,mitochondrion MT:CM022724.1; chloroplast Pltd:CM022725.1,WMKK01,22,0,2020-04-14T00:00:00Z,ftp://ftp.ncbi.nlm.nih.gov/genomes/all/GCA/012/295/225/GCA_012295225.1_ASM1229522v1,
PRJNA477438,Gardenia jasminoides,Eukaryota;Plants;Land Plants,,SAMN09469756,GCA_013103745.1, Chromosome,535.679,35.9211,chromosome 1:CM023095.1; chromosome 2:CM023096.1; chromosome 3:CM023097.1; chromosome 4:CM023098.1; chromosome 5:CM023099.1; chromosome 6:CM023100.1; chromosome 7:CM023101.1; chromosome 8:CM023102.1; chromosome 9:CM023103.1; chromosome 10:CM023104.1; chromosome 11:CM023105.1; chloroplast Pltd:CM023130.1,VZDL01,81,0,2020-05-15T00:00:00Z,ftp://ftp.ncbi.nlm.nih.gov/genomes/all/GCA/013/103/745/GCA_013103745.1_ASM1310374v1,
PRJNA448804,Aeschynomene evenia,Eukaryota;Plants;Land Plants,CIAT22838,SAMN08866577,GCA_013621005.1, Chromosome,375.94,34.9319,chromosome 1:CM024263.1; chromosome 2:CM024264.1; chromosome 3:CM024265.1; chromosome 4:CM024266.1; chromosome 5:CM024267.1; chromosome 6:CM024268.1; chromosome 7:CM024269.1; chromosome 8:CM024270.1; chromosome 9:CM024271.1; chromosome 10:CM024272.1; chloroplast Pltd:CM024273.1,RYYW01,1451,0,2020-07-24T00:00:00Z,ftp://ftp.ncbi.nlm.nih.gov/genomes/all/GCA/013/621/005/GCA_013621005.1_IRD_Aeve_1.1,
PRJNA509734,Eucalyptus caleyi,Eukaryota;Plants;Land Plants,sf004,SAMN14929764,GCA_014182885.2, Chromosome,589.484,39.2264,chromosome 1:CM024466.2; chromosome 2:CM024467.2; chromosome 3:CM024468.2; chromosome 4:CM024469.2; chromosome 5:CM024470.2; chromosome 6:CM024471.2; chromosome 7:CM024472.2; chromosome 8:CM024473.2; chromosome 9:CM024474.2; chromosome 10:CM024475.2; chromosome 11:CM024476.2; chloroplast Pltd:CM024488.2,JABUKJ02,77,0,2020-08-13T00:00:00Z,ftp://ftp.ncbi.nlm.nih.gov/genomes/all/GCA/014/182/885/GCA_014182885.2_ASM1418288v2,
PRJNA509734,Eucalyptus virginea,Eukaryota;Plants;Land Plants,CCA4170,SAMN13016254,GCA_014182375.1, Chromosome,532.948,39.4676,chromosome 1:CM024514.1; chromosome 2:CM024515.1; chromosome 3:CM024516.1; chromosome 4:CM024517.1; chromosome 5:CM024518.1; chromosome 6:CM024519.1; chromosome 7:CM024520.1; chromosome 8:CM024521.1; chromosome 9:CM024522.1; chromosome 10:CM024523.1; chromosome 11:CM024524.1; chloroplast Pltd:CM024525.1,JABKBC01,17,0,2020-08-13T00:00:00Z,ftp://ftp.ncbi.nlm.nih.gov/genomes/all/GCA/014/182/375/GCA_014182375.1_ASM1418237v1,
PRJNA509734,Eucalyptus viminalis,Eukaryota;Plants;Land Plants,sf001,SAMN12996704,GCA_014182385.1, Chromosome,558.867,39.3551,chromosome 1:CM024526.1; chromosome 2:CM024527.1; chromosome 3:CM024528.1; chromosome 4:CM024529.1; chromosome 5:CM024530.1; chromosome 6:CM024531.1; chromosome 7:CM024532.1; chromosome 8:CM024533.1; chromosome 9:CM024534.1; chromosome 10:CM024535.1; chromosome 11:CM024536.1; chloroplast Pltd:CM024559.1,JABKBD01,58,0,2020-08-13T00:00:00Z,ftp://ftp.ncbi.nlm.nih.gov/genomes/all/GCA/014/182/385/GCA_014182385.1_ASM1418238v1,
PRJNA509734,Eucalyptus tenuipes,Eukaryota;Plants;Land Plants,ANBG9807792.330,SAMN12996703,GCA_014182365.1, Chromosome,397.939,39.6226,chromosome 1:CM024537.1; chromosome 2:CM024538.1; chromosome 3:CM024539.1; chromosome 4:CM024540.1; chromosome 5:CM024541.1; chromosome 6:CM024542.1; chromosome 7:CM024543.1; chromosome 8:CM024544.1; chromosome 9:CM024545.1; chromosome 10:CM024546.1; chromosome 11:CM024547.1; chloroplast Pltd:CM024560.1,JABKBE01,13,0,2020-08-13T00:00:00Z,ftp://ftp.ncbi.nlm.nih.gov/genomes/all/GCA/014/182/365/GCA_014182365.1_ASM1418236v1,
PRJNA509734,Eucalyptus sideroxylon,Eukaryota;Plants;Land Plants,ANBG750609.225,SAMN10587505,GCA_014182405.1, Chromosome,592.318,39.2145,chromosome 1:CM024548.1; chromosome 2:CM024549.1; chromosome 3:CM024550.1; chromosome 4:CM024551.1; chromosome 5:CM024552.1; chromosome 6:CM024553.1; chromosome 7:CM024554.1; chromosome 8:CM024555.1; chromosome 9:CM024556.1; chromosome 10:CM024557.1; chromosome 11:CM024558.1; chloroplast Pltd:CM024561.1,JABKBF01,56,0,2020-08-13T00:00:00Z,ftp://ftp.ncbi.nlm.nih.gov/genomes/all/GCA/014/182/405/GCA_014182405.1_ASM1418240v1,
PRJNA509734,Eucalyptus salubris,Eukaryota;Plants;Land Plants,ANBG9806169,SAMN13016252,GCA_014182395.1, Chromosome,508.094,39.4564,chromosome 1:CM024573.1; chromosome 2:CM024574.1; chromosome 3:CM024575.1; chromosome 4:CM024576.1; chromosome 5:CM024577.1; chromosome 6:CM024578.1; chromosome 7:CM024579.1; chromosome 8:CM024580.1; chromosome 9:CM024581.1; chromosome 10:CM024582.1; chromosome 11:CM024583.1; chloroplast Pltd:CM024584.1,JABKBG01,31,0,2020-08-13T00:00:00Z,ftp://ftp.ncbi.nlm.nih.gov/genomes/all/GCA/014/182/395/GCA_014182395.1_ASM1418239v1,
PRJNA509734,Eucalyptus decipiens,Eukaryota;Plants;Land Plants,CCA4570,SAMN13016250,GCA_014182575.1, Chromosome,591.117,39.3999,chromosome 1:CM024609.1; chromosome 2:CM024610.1; chromosome 3:CM024611.1; chromosome 4:CM024612.1; chromosome 5:CM024613.1; chromosome 6:CM024614.1; chromosome 7:CM024615.1; chromosome 8:CM024616.1; chromosome 9:CM024617.1; chromosome 10:CM024618.1; chromosome 11:CM024619.1; chloroplast Pltd:CM024632.1,JABKBM01,31,0,2020-08-13T00:00:00Z,ftp://ftp.ncbi.nlm.nih.gov/genomes/all/GCA/014/182/575/GCA_014182575.1_ASM1418257v1,
PRJNA509734,Eucalyptus coolabah,Eukaryota;Plants;Land Plants,ANBG9404868.100,SAMN13016255,GCA_014182585.1, Chromosome,606.466,39.2471,chromosome 1:CM024620.1; chromosome 2:CM024621.1; chromosome 3:CM024622.1; chromosome 4:CM024623.1; chromosome 5:CM024624.1; chromosome 6:CM024625.1; chromosome 7:CM024626.1; chromosome 8:CM024627.1; chromosome 9:CM024628.1; chromosome 10:CM024629.1; chromosome 11:CM024630.1; chloroplast Pltd:CM024633.1,JABKBN01,32,0,2020-08-13T00:00:00Z,ftp://ftp.ncbi.nlm.nih.gov/genomes/all/GCA/014/182/585/GCA_014182585.1_ASM1418258v1,
PRJNA509734,Eucalyptus albens,Eukaryota;Plants;Land Plants,ANBG9404812.304,SAMN10587504,GCA_014182695.1, Chromosome,607.093,39.1801,chromosome 1:CM024646.1; chromosome 2:CM024647.1; chromosome 3:CM024648.1; chromosome 4:CM024649.1; chromosome 5:CM024650.1; chromosome 6:CM024651.1; chromosome 7:CM024652.1; chromosome 8:CM024653.1; chromosome 9:CM024654.1; chromosome 10:CM024655.1; chromosome 11:CM024656.1; chloroplast Pltd:CM024679.1,JABKBR01,192,0,2020-08-13T00:00:00Z,ftp://ftp.ncbi.nlm.nih.gov/genomes/all/GCA/014/182/695/GCA_014182695.1_ASM1418269v1,
PRJNA509734,Eucalyptus brandiana,Eukaryota;Plants;Land Plants,CCA5702,SAMN13016248,GCA_014182725.1, Chromosome,507.241,39.4717,chromosome 1:CM024668.1; chromosome 2:CM024669.1; chromosome 3:CM024670.1; chromosome 4:CM024671.1; chromosome 5:CM024672.1; chromosome 6:CM024673.1; chromosome 7:CM024674.1; chromosome 8:CM024675.1; chromosome 9:CM024676.1; chromosome 10:CM024677.1; chromosome 11:CM024678.1; chloroplast Pltd:CM024680.1,JABKBQ01,25,0,2020-08-13T00:00:00Z,ftp://ftp.ncbi.nlm.nih.gov/genomes/all/GCA/014/182/725/GCA_014182725.1_ASM1418272v1,
PRJNA509734,Corymbia calophylla,Eukaryota;Plants;Land Plants,ANBG752993.2,SAMN12996706,GCA_014182845.1, Chromosome,394.897,39.4709,chromosome 1:CM024693.1; chromosome 2:CM024694.1; chromosome 3:CM024695.1; chromosome 4:CM024696.1; chromosome 5:CM024697.1; chromosome 6:CM024698.1; chromosome 7:CM024699.1; chromosome 8:CM024700.1; chromosome 9:CM024701.1; chromosome 10:CM024702.1; chromosome 11:CM024703.1,JABKBT01,35,0,2020-08-13T00:00:00Z,ftp://ftp.ncbi.nlm.nih.gov/genomes/all/GCA/014/182/845/GCA_014182845.1_ASM1418284v1,
PRJNA659608,Rhododendron griersonianum,Eukaryota;Plants;Land Plants,WSP0,SAMN15930083,GCA_018127125.1, Chromosome,674.982,40.7559,chromosome 1:CM030788.1; chromosome 2:CM030789.1; chromosome 3:CM030790.1; chromosome 4:CM030791.1; chromosome 5:CM030792.1; chromosome 6:CM030793.1; chromosome 7:CM030794.1; chromosome 8:CM030795.1; chromosome 9:CM030796.1; chromosome 10:CM030797.1; chromosome 11:CM030798.1; chromosome 12:CM030799.1; chromosome 13:CM030800.1; chloroplast Pltd:CM030801.1,JACTNZ01,47,51870,2021-04-22T00:00:00Z,ftp://ftp.ncbi.nlm.nih.gov/genomes/all/GCA/018/127/125/GCA_018127125.1_RGv1.1,
PRJNA588298,Rhododendron simsii,Eukaryota;Plants;Land Plants,adult_tree_wgs_1,SAMN13241185,GCA_014282245.1, Chromosome,528.637,38.9044,chromosome 1:CM024953.1; chromosome 2:CM024954.1; chromosome 3:CM024955.1; chromosome 4:CM024956.1; chromosome 5:CM024957.1; chromosome 6:CM024958.1; chromosome 7:CM024959.1; chromosome 8:CM024960.1; chromosome 9:CM024961.1; chromosome 10:CM024962.1; chromosome 11:CM024963.1; chromosome 12:CM024964.1; chromosome 13:CM024965.1; mitochondrion MT:CM024966.1; chloroplast Pltd:CM024967.1,WJXA01,552,32999,2020-08-24T00:00:00Z,ftp://ftp.ncbi.nlm.nih.gov/genomes/all/GCA/014/282/245/GCA_014282245.1_ASM1428224v1,
PRJNA670558,Salix dunnii,Eukaryota;Plants;Land Plants,FAFU-HL-1,SAMN16547678,GCA_015731905.1, Chromosome,328.089,33.0936,chromosome 1:CM027659.1; chromosome 2:CM027660.1; chromosome 3:CM027661.1; chromosome 4:CM027662.1; chromosome 5:CM027663.1; chromosome 6:CM027664.1; chromosome 7:CM027665.1; chromosome 8:CM027666.1; chromosome 9:CM027667.1; chromosome 10:CM027668.1; chromosome 11:CM027669.1; chromosome 12:CM027670.1; chromosome 13:CM027671.1; chromosome 14:CM027672.1; chromosome 15:CM027673.1; chromosome 16:CM027674.1; chromosome 17:CM027675.1; chromosome 18:CM027676.1; chromosome 19:CM027677.1; mitochondrion MT:CM027678.1; chloroplast Pltd:CM027679.1,JADGMS01,29,29822,2020-12-03T00:00:00Z,ftp://ftp.ncbi.nlm.nih.gov/genomes/all/GCA/015/731/905/GCA_015731905.1_SDv1.1,
PRJNA509734,Eucalyptus sideroxylon x Eucalyptus melliodora,Eukaryota;Plants;Land Plants,CCA1506,SAMN16414709,GCA_016097485.1, Chromosome,603.738,39.298,chromosome 1:CM027824.1; chromosome 2:CM027825.1; chromosome 3:CM027826.1; chromosome 4:CM027827.1; chromosome 5:CM027828.1; chromosome 6:CM027829.1; chromosome 7:CM027830.1; chromosome 8:CM027831.1; chromosome 9:CM027832.1; chromosome 10:CM027833.1; chromosome 11:CM027834.1; chloroplast Pltd:CM027857.1,JADPVR01,26,0,2020-12-16T00:00:00Z,ftp://ftp.ncbi.nlm.nih.gov/genomes/all/GCA/016/097/485/GCA_016097485.1_ASM1609748v1,
PRJNA509734,Eucalyptus pumila,Eukaryota;Plants;Land Plants,CCA0845,SAMN16414706,GCA_016097595.1, Chromosome,529.916,39.3778,chromosome 1:CM027846.1; chromosome 2:CM027847.1; chromosome 3:CM027848.1; chromosome 4:CM027849.1; chromosome 5:CM027850.1; chromosome 6:CM027851.1; chromosome 7:CM027852.1; chromosome 8:CM027853.1; chromosome 9:CM027854.1; chromosome 10:CM027855.1; chromosome 11:CM027856.1; chloroplast Pltd:CM027858.1,JADPVT01,29,0,2020-12-16T00:00:00Z,ftp://ftp.ncbi.nlm.nih.gov/genomes/all/GCA/016/097/595/GCA_016097595.1_ASM1609759v1,
PRJNA509734,Eucalyptus victrix,Eukaryota;Plants;Land Plants,CCA1033,SAMN16414708,GCA_016097545.1, Chromosome,557.319,39.1993,chromosome 1:CM027835.1; chromosome 2:CM027836.1; chromosome 3:CM027837.1; chromosome 4:CM027838.1; chromosome 5:CM027839.1; chromosome 6:CM027840.1; chromosome 7:CM027841.1; chromosome 8:CM027842.1; chromosome 9:CM027843.1; chromosome 10:CM027844.1; chromosome 11:CM027845.1; chloroplast Pltd:CM027859.1,JADPVS01,20,0,2020-12-16T00:00:00Z,ftp://ftp.ncbi.nlm.nih.gov/genomes/all/GCA/016/097/545/GCA_016097545.1_ASM1609754v1,
PRJNA509734,Eucalyptus dawsonii,Eukaryota;Plants;Land Plants,CCA0689,SAMN16414699,GCA_016097615.1, Chromosome,707.061,39.2571,chromosome 1:CM027871.1; chromosome 2:CM027872.1; chromosome 3:CM027873.1; chromosome 4:CM027874.1; chromosome 5:CM027875.1; chromosome 6:CM027876.1; chromosome 7:CM027877.1; chromosome 8:CM027878.1; chromosome 9:CM027879.1; chromosome 10:CM027880.1; chromosome 11:CM027881.1; chloroplast Pltd:CM027883.1,JADPVV01,220,0,2020-12-16T00:00:00Z,ftp://ftp.ncbi.nlm.nih.gov/genomes/all/GCA/016/097/615/GCA_016097615.1_ASM1609761v1,
PRJNA509734,Eucalyptus shirleyi,Eukaryota;Plants;Land Plants,CCA3339,SAMN16414707,GCA_017140165.1, Chromosome,597.34,39.2122,chromosome 1:CM029446.1; chromosome 2:CM029447.1; chromosome 3:CM029448.1; chromosome 4:CM029449.1; chromosome 5:CM029450.1; chromosome 6:CM029451.1; chromosome 7:CM029452.1; chromosome 8:CM029453.1; chromosome 9:CM029454.1; chromosome 10:CM029455.1; chromosome 11:CM029456.1; chloroplast Pltd:CM029479.1,JADGRX01,14,0,2021-03-02T00:00:00Z,ftp://ftp.ncbi.nlm.nih.gov/genomes/all/GCA/017/140/165/GCA_017140165.1_ASM1714016v1,
PRJNA509734,Eucalyptus paniculata subsp. matutina,Eukaryota;Plants;Land Plants,CCA0830,SAMN16414704,GCA_017140255.1, Chromosome,589.01,39.2642,chromosome 1:CM029435.1; chromosome 2:CM029436.1; chromosome 3:CM029437.1; chromosome 4:CM029438.1; chromosome 5:CM029439.1; chromosome 6:CM029440.1; chromosome 7:CM029441.1; chromosome 8:CM029442.1; chromosome 9:CM029443.1; chromosome 10:CM029444.1; chromosome 11:CM029445.1; chloroplast Pltd:CM029480.1,JADGRZ01,28,0,2021-03-02T00:00:00Z,ftp://ftp.ncbi.nlm.nih.gov/genomes/all/GCA/017/140/255/GCA_017140255.1_ASM1714025v1,
PRJNA509734,Eucalyptus leucophloia subsp. euroa,Eukaryota;Plants;Land Plants,DN-2498,SAMN16414703,GCA_017140325.1, Chromosome,568.636,39.1475,chromosome 1:CM029468.1; chromosome 2:CM029469.1; chromosome 3:CM029470.1; chromosome 4:CM029471.1; chromosome 5:CM029472.1; chromosome 6:CM029473.1; chromosome 7:CM029474.1; chromosome 8:CM029475.1; chromosome 9:CM029476.1; chromosome 10:CM029477.1; chromosome 11:CM029478.1; chloroplast Pltd:CM029481.1,JADGSA01,29,0,2021-03-02T00:00:00Z,ftp://ftp.ncbi.nlm.nih.gov/genomes/all/GCA/017/140/325/GCA_017140325.1_ASM1714032v1,
PRJNA509734,Eucalyptus polyanthemos subsp. polyanthemos,Eukaryota;Plants;Land Plants,CCA0672,SAMN16414705,GCA_017140185.1, Chromosome,603.44,39.1813,chromosome 1:CM029457.1; chromosome 2:CM029458.1; chromosome 3:CM029459.1; chromosome 4:CM029460.1; chromosome 5:CM029461.1; chromosome 6:CM029462.1; chromosome 7:CM029463.1; chromosome 8:CM029464.1; chromosome 9:CM029465.1; chromosome 10:CM029466.1; chromosome 11:CM029467.1; chloroplast Pltd:CM029482.1,JADGRY01,22,0,2021-03-02T00:00:00Z,ftp://ftp.ncbi.nlm.nih.gov/genomes/all/GCA/017/140/185/GCA_017140185.1_ASM1714018v1,
PRJNA509734,Eucalyptus lansdowneana,Eukaryota;Plants;Land Plants,CCA5257,SAMN16414702,GCA_017140395.1, Chromosome,633.712,39.255,chromosome 1:CM029483.1; chromosome 2:CM029484.1; chromosome 3:CM029485.1; chromosome 4:CM029486.1; chromosome 5:CM029487.1; chromosome 6:CM029488.1; chromosome 7:CM029489.1; chromosome 8:CM029490.1; chromosome 9:CM029491.1; chromosome 10:CM029492.1; chromosome 11:CM029493.1; chloroplast Pltd:CM029527.1,JADGSB01,20,0,2021-03-02T00:00:00Z,ftp://ftp.ncbi.nlm.nih.gov/genomes/all/GCA/017/140/395/GCA_017140395.1_ASM1714039v1,
PRJNA509734,Eucalyptus fibrosa,Eukaryota;Plants;Land Plants,CCA0770,SAMN16414700,GCA_017140475.1, Chromosome,590.072,39.1671,chromosome 1:CM029505.1; chromosome 2:CM029506.1; chromosome 3:CM029507.1; chromosome 4:CM029508.1; chromosome 5:CM029509.1; chromosome 6:CM029510.1; chromosome 7:CM029511.1; chromosome 8:CM029512.1; chromosome 9:CM029513.1; chromosome 10:CM029514.1; chromosome 11:CM029515.1; chloroplast Pltd:CM029545.1,JADGSC01,16,0,2021-03-02T00:00:00Z,ftp://ftp.ncbi.nlm.nih.gov/genomes/all/GCA/017/140/475/GCA_017140475.1_ASM1714047v1,
PRJNA577174,Buddleja alternifolia,Eukaryota;Plants;Land Plants,LA-IB0,SAMN13022353,GCA_019426215.1, Chromosome,853.755,36.1038,chromosome 1:CM033390.1; chromosome 2:CM033391.1; chromosome 3:CM033392.1; chromosome 4:CM033393.1; chromosome 5:CM033394.1; chromosome 6:CM033395.1; chromosome 7:CM033396.1; chromosome 8:CM033397.1; chromosome 9:CM033398.1; chromosome 10:CM033399.1; chromosome 11:CM033400.1; chromosome 12:CM033401.1; chromosome 13:CM033402.1; chromosome 14:CM033403.1; chromosome 15:CM033404.1; chromosome 16:CM033405.1; chromosome 17:CM033406.1; chromosome 18:CM033407.1; chromosome 19:CM033408.1; mitochondrion MT:CM033409.1; chloroplast Pltd:CM033410.1,WHWC01,439,29434,2021-07-30T00:00:00Z,ftp://ftp.ncbi.nlm.nih.gov/genomes/all/GCA/019/426/215/GCA_019426215.1_BAv1.1,
PRJNA694500,Xanthoceras sorbifolium,Eukaryota;Plants;Land Plants,,SAMN17774090,GCA_020796215.1, Chromosome,469.996,35.0921,chromosome 1:CM036779.1; chromosome 2:CM036780.1; chromosome 3:CM036781.1; chromosome 4:CM036782.1; chromosome 5:CM036783.1; chromosome 6:CM036784.1; chromosome 7:CM036785.1; chromosome 8:CM036786.1; chromosome 9:CM036787.1; chromosome 10:CM036788.1; chromosome 11:CM036789.1; chromosome 12:CM036790.1; chromosome 13:CM036791.1; chromosome 14:CM036792.1; chromosome 15:CM036793.1; mitochondrion MT:CM036794.1; chloroplast Pltd:CM036795.1,JAFEMO01,988,21958,2021-11-08T00:00:00Z,ftp://ftp.ncbi.nlm.nih.gov/genomes/all/GCA/020/796/215/GCA_020796215.1_XSv2.1f,
PRJNA431363,Panicum miliaceum,Eukaryota;Plants;Land Plants,,SAMN08389585,GCA_003046395.2, Chromosome,854.793,46.8958,chromosome 1:CM009690.2; chromosome 2:CM009691.2; chromosome 3:CM009692.2; chromosome 4:CM009693.2; chromosome 5:CM009694.2; chromosome 6:CM009695.2; chromosome 7:CM009696.2; chromosome 8:CM009697.2; chromosome 9:CM009698.2; chromosome 10:CM009699.2; chromosome 11:CM009700.2; chromosome 12:CM009701.2; chromosome 13:CM009702.2; chromosome 14:CM009703.2; chromosome 15:CM009704.2; chromosome 16:CM009705.2; chromosome 17:CM009706.2; chromosome 18:CM009707.2; chloroplast Pltd:CM009689.1,PQIB02,1306,55964,2018-04-09T00:00:00Z,ftp://ftp.ncbi.nlm.nih.gov/genomes/all/GCA/003/046/395/GCA_003046395.2_Pm_0390_v2,
PRJNA476562,Auxenochlorella protothecoides,Eukaryota;Plants;Green Algae,UTEX 25,SAMN09439844,GCA_003709365.1,Scaffold,21.2176,62.5803,mitochondrion MT:CM011000.1; chloroplast Pltd:CM011001.1,QOKY01,217,5852,2018-11-01T00:00:00Z,ftp://ftp.ncbi.nlm.nih.gov/genomes/all/GCA/003/709/365/GCA_003709365.1_ASM370936v1,
PRJNA629068,Avicennia marina subsp. marina,Eukaryota;Plants;Land Plants,RG18007,SAMN14766548,GCA_013168755.1, Chromosome,456.542,36.72,chromosome 1:CM023156.1; chromosome 2:CM023157.1; chromosome 3:CM023158.1; chromosome 4:CM023159.1; chromosome 5:CM023160.1; chromosome 6:CM023161.1; chromosome 7:CM023162.1; chromosome 8:CM023163.1; chromosome 9:CM023164.1; chromosome 10:CM023165.1; chromosome 11:CM023166.1; chromosome 12:CM023167.1; chromosome 13:CM023168.1; chromosome 14:CM023169.1; chromosome 15:CM023170.1; chromosome 16:CM023171.1; chromosome 17:CM023172.1; chromosome 18:CM023173.1; chromosome 19:CM023174.1; chromosome 20:CM023175.1; chromosome 21:CM023176.1; chromosome 22:CM023177.1; chromosome 23:CM023178.1; chromosome 24:CM023179.1; chromosome 25:CM023180.1; chromosome 26:CM023181.1; chromosome 27:CM023182.1; chromosome 28:CM023183.1; chromosome 29:CM023184.1; chromosome 30:CM023185.1; chromosome 31:CM023186.1; chromosome 32:CM023187.1; mitochondrion MT:CM023205.1,JABGBM01,3792,0,2020-05-26T00:00:00Z,ftp://ftp.ncbi.nlm.nih.gov/genomes/all/GCA/013/168/755/GCA_013168755.1_CGSB_Amar_1.0,
PRJNA509734,Eucalyptus camaldulensis,Eukaryota;Plants;Land Plants,ANBG8401853.35,SAMN12996699,GCA_014182705.1, Chromosome,558.609,39.282,chromosome 1:CM024657.1; chromosome 2:CM024658.1; chromosome 3:CM024659.1; chromosome 4:CM024660.1; chromosome 5:CM024661.1; chromosome 6:CM024662.1; chromosome 7:CM024663.1; chromosome 8:CM024664.1; chromosome 9:CM024665.1; chromosome 10:CM024666.1; chromosome 11:CM024667.1; chloroplast Pltd:CM024681.1,JABKBP01,18,0,2020-08-13T00:00:00Z,ftp://ftp.ncbi.nlm.nih.gov/genomes/all/GCA/014/182/705/GCA_014182705.1_ASM1418270v1,
PRJNA769745,Prunus dulcis,Eukaryota;Plants;Land Plants,,SAMN22169165,GCA_021292205.1, Chromosome,257.221,37.9852,chromosome 1:CM037988.1; chromosome 2:CM037989.1; chromosome 3:CM037990.1; chromosome 4:CM037991.1; chromosome 5:CM037992.1; chromosome 6:CM037993.1; chromosome 7:CM037994.1; chromosome 8:CM037995.1; mitochondrion MT:CM038036.1; plastid Pltd:CM038037.1,JAJFAZ01,105,0,2021-12-27T00:00:00Z,ftp://ftp.ncbi.nlm.nih.gov/genomes/all/GCA/021/292/205/GCA_021292205.1_OSU_Pdulci_2.0,
PRJNA232125,Oryza brachyantha,Eukaryota;Plants;Land Plants,,SAMN02666884,GCA_000710545.1, Chromosome,14.4404,40.9,chromosome 3:CM002810.1,JNWF01,1,0,2014-06-20T00:00:00Z,ftp://ftp.ncbi.nlm.nih.gov/genomes/all/GCA/000/710/545/GCA_000710545.1_O._brachyantha_chromosome_3_short_arm,
PRJEB35540,Olea europaea subsp. europaea,Eukaryota;Plants;Land Plants,,SAMEA2250784,GCA_902713445.1, Chromosome,1316.68,34.555,chromosome 1:LR743777.1; chromosome 2:LR743778.1; chromosome 3:LR743779.1; chromosome 4:LR743780.1; chromosome 5:LR743781.1; chromosome 6:LR743782.1; chromosome 7:LR743783.1; chromosome 8:LR743784.1; chromosome 9:LR743785.1; chromosome 10:LR743786.1; chromosome 11:LR743787.1; chromosome 12:LR743788.1; chromosome 13:LR743789.1; chromosome 14:LR743790.1; chromosome 15:LR743791.1; chromosome 16:LR743792.1; chromosome 17:LR743793.1; chromosome 18:LR743794.1; chromosome 19:LR743795.1; chromosome 20:LR743796.1; chromosome 21:LR743797.1; chromosome 22:LR743798.1; chromosome 23:LR743799.1; mitochondrion Mt:LR743801.1; plastid Pt:LR743800.1,CACTIH01,9753,79240,2020-09-28T00:00:00Z,ftp://ftp.ncbi.nlm.nih.gov/genomes/all/GCA/902/713/445/GCA_902713445.1_OLEA9,
PRJNA338014,Prototheca wickerhamii,Eukaryota;Plants;Green Algae,HMC1,SAMN08930906,GCA_003255715.1,Scaffold,27.6911,61.4745,mitochondrion MT:CM009948.1; plastid Pltd:CM009949.1,QBLF01,3774,0,2018-05-11T00:00:00Z,ftp://ftp.ncbi.nlm.nih.gov/genomes/all/GCA/003/255/715/GCA_003255715.1_ASM325571v1,
PRJNA302542,Oryza sativa Indica Group,Eukaryota;Plants;Land Plants,,SAMN04274564,GCA_001623345.3,Complete,391.696,43.622,chromosome 1:CP056052.1; chromosome 2:CP056053.1; chromosome 3:CP056054.1; chromosome 4:CP056055.1; chromosome 5:CP056056.1; chromosome 6:CP056057.1; chromosome 7:CP056058.1; chromosome 8:CP056059.1; chromosome 9:CP056060.1; chromosome 10:CP056061.1; chromosome 11:CP056062.1; chromosome 12:CP056063.1; chloroplast Pltd:CP056064.1,,13,0,2020-06-23T00:00:00Z,ftp://ftp.ncbi.nlm.nih.gov/genomes/all/GCA/001/623/345/GCA_001623345.3_ZS97RS3,
PRJEB6302,Solanum lycopersicum,Eukaryota;Plants;Land Plants,,SAMEA3283147,GCA_900008105.1, Chromosome,760.067,34.7605,chromosome ch01:HG975513.1; chromosome ch02:HG975514.1; chromosome ch03:HG975515.1; chromosome ch04:HG975516.1; chromosome ch05:HG975517.1; chromosome ch06:HG975518.1; chromosome ch07:HG975519.1; chromosome ch08:HG975520.1; chromosome ch09:HG975521.1; chromosome ch10:HG975522.1; chromosome ch11:HG975523.1; chromosome ch12:HG975524.1; chloroplast cp:HG975525.1,,13,0,2014-06-25T00:00:00Z,ftp://ftp.ncbi.nlm.nih.gov/genomes/all/GCA/900/008/105/GCA_900008105.1_V100,
PRJNA475162,Glycine max,Eukaryota;Plants;Land Plants,,SAMN09379531,GCA_003349995.2, Chromosome,1011.38,35.036,chromosome 1:CM010409.2; chromosome 2:CM010410.2; chromosome 3:CM010411.2; chromosome 4:CM010412.2; chromosome 5:CM010413.2; chromosome 6:CM010414.2; chromosome 7:CM010415.2; chromosome 8:CM010416.2; chromosome 9:CM010417.2; chromosome 10:CM010418.2; chromosome 11:CM010419.2; chromosome 12:CM010420.2; chromosome 13:CM010421.2; chromosome 14:CM010422.2; chromosome 15:CM010423.2; chromosome 16:CM010424.2; chromosome 17:CM010425.2; chromosome 18:CM010426.2; chromosome 19:CM010427.2; chromosome 20:CM010428.2; mitochondrion MT:CM021415.1; chloroplast Pltd:CM010429.1,QKRT02,45,0,2018-07-31T00:00:00Z,ftp://ftp.ncbi.nlm.nih.gov/genomes/all/GCA/003/349/995/GCA_003349995.2_Gmax_ZH13_v2.0,
PRJNA318714,Oryza sativa Indica Group,Eukaryota;Plants;Land Plants,,SAMN04866660,GCA_002151415.1, Chromosome,390.984,43.611,chromosome 1:CP018157.1; chromosome 2:CP018158.1; chromosome 3:CP018159.1; chromosome 4:CP018160.1; chromosome 5:CP018161.1; chromosome 6:CP018162.1; chromosome 7:CP018163.1; chromosome 8:CP018164.1; chromosome 9:CP018165.1; chromosome 10:CP018166.1; chromosome 11:CP018167.1; chromosome 12:CP018168.1; mitochondrion MT:CP018169.1; chloroplast Pltd:CP018170.1,,14,0,2017-05-04T00:00:00Z,ftp://ftp.ncbi.nlm.nih.gov/genomes/all/GCA/002/151/415/GCA_002151415.1_R498.Genome.version1,
PRJNA394587,Chenopodium quinoa,Eukaryota;Plants;Land Plants,,SAMN07354884,GCA_002732095.1,Scaffold,1336.74,37.0,chloroplast Pltd:CM008430.1,NSDK01,3185,0,2017-10-18T00:00:00Z,ftp://ftp.ncbi.nlm.nih.gov/genomes/all/GCA/002/732/095/GCA_002732095.1_Cq_real_v1.0,
PRJNA542987,Ziziphus jujuba var. spinosa,Eukaryota;Plants;Land Plants,AT0,SAMN11665524,GCA_020796205.1, Chromosome,406.164,33.0852,chromosome 1:CM036890.1; chromosome 2:CM036891.1; chromosome 3:CM036892.1; chromosome 4:CM036893.1; chromosome 5:CM036894.1; chromosome 6:CM036895.1; chromosome 7:CM036896.1; chromosome 8:CM036897.1; chromosome 9:CM036898.1; chromosome 10:CM036899.1; chromosome 11:CM036900.1; chromosome 12:CM036901.1; mitochondrion MT:CM036902.1; chloroplast Pltd:CM036903.1,JAEACU01,540,24191,2021-11-08T00:00:00Z,ftp://ftp.ncbi.nlm.nih.gov/genomes/all/GCA/020/796/205/GCA_020796205.1_ASM2079620v1,
PRJNA503387,Chlorella sp. Dachan,Eukaryota;Plants;Green Algae,Dachan,SAMN10373490,GCA_006782975.1,Scaffold,60.3668,62.4466,chloroplast Pltd:CM017270.1,RRZL01,2277,0,2019-07-09T00:00:00Z,ftp://ftp.ncbi.nlm.nih.gov/genomes/all/GCA/006/782/975/GCA_006782975.1_ASM678297v1,
PRJNA742656,Prunus persica,Eukaryota;Plants;Land Plants,,SAMN19967399,GCA_022343065.2, Chromosome,206.428,37.809,chromosome 1:CM039277.1; chromosome 2:CM039278.1; chromosome 3:CM039279.1; chromosome 4:CM039280.1; chromosome 5:CM039281.1; chromosome 6:CM039282.1; chromosome 7:CM039283.1; chromosome 8:CM039284.1; chloroplast Pltd:MZ065355.1,JAJDMZ01,235,82,2022-02-18T00:00:00Z,ftp://ftp.ncbi.nlm.nih.gov/genomes/all/GCA/022/343/065/GCA_022343065.2_PSovetskiy_1.0,
PRJNA392179,Triticum aestivum,Eukaryota;Plants;Land Plants,,SAMN07284949,GCA_002220415.3, Chromosome,15418.8,46.0967,chromosome 1A:CM022211.1; chromosome 1B:CM022212.1; chromosome 1D:CM022213.1; chromosome 2A:CM022214.1; chromosome 2B:CM022215.1; chromosome 2D:CM022216.1; chromosome 3A:CM022217.1; chromosome 3B:CM022218.1; chromosome 3D:CM022219.1; chromosome 4A:CM022220.1; chromosome 4B:CM022221.1; chromosome 4D:CM022222.1; chromosome 5A:CM022223.1; chromosome 5B:CM022224.1; chromosome 5D:CM022225.1; chromosome 6A:CM022226.1; chromosome 6B:CM022227.1; chromosome 6D:CM022228.1; chromosome 7A:CM022229.1; chromosome 7B:CM022230.1; chromosome 7D:CM022231.1; chloroplast Pltd:CM022232.1,NMPL03,70316,131402,2017-07-13T00:00:00Z,ftp://ftp.ncbi.nlm.nih.gov/genomes/all/GCA/002/220/415/GCA_002220415.3_Triticum_4.0,
PRJEB40125,Arabidopsis thaliana,Eukaryota;Plants;Land Plants,,SAMEA7282576,GCA_904420315.1, Chromosome,130.173,36.7061,chromosome 1:LR881466.1; chromosome 2:LR881467.1; chromosome 3:LR881468.1; chromosome 4:LR881469.1; chromosome 5:LR881470.1; mitochondrion MT:LR881472.1; chloroplast Pltd:LR881471.1,,7,23632,2020-09-11T00:00:00Z,ftp://ftp.ncbi.nlm.nih.gov/genomes/all/GCA/904/420/315/GCA_904420315.1_AT9943.Cdm-0.scaffold,
PRJNA718574,Glycine max,Eukaryota;Plants;Land Plants,,SAMN18570909,GCA_019321705.1, Chromosome,992.121,35.1005,chromosome 1:CM033125.1; chromosome 2:CM033126.1; chromosome 3:CM033127.1; chromosome 4:CM033128.1; chromosome 5:CM033129.1; chromosome 6:CM033130.1; chromosome 7:CM033131.1; chromosome 8:CM033132.1; chromosome 9:CM033133.1; chromosome 10:CM033134.1; chromosome 11:CM033135.1; chromosome 12:CM033136.1; chromosome 13:CM033137.1; chromosome 14:CM033138.1; chromosome 15:CM033139.1; chromosome 16:CM033140.1; chromosome 17:CM033141.1; chromosome 18:CM033142.1; chromosome 19:CM033143.1; chromosome 20:CM033144.1; mitochondrion MT:CM033153.1; chloroplast Pltd:CM033154.1,JAGMTN01,240,0,2021-07-22T00:00:00Z,ftp://ftp.ncbi.nlm.nih.gov/genomes/all/GCA/019/321/705/GCA_019321705.1_PI594527.PLATINUM.CHROMOSOMES.fasta,
PRJNA503387,Chlorella sorokiniana,Eukaryota;Plants;Green Algae,BD09,SAMN10373492,GCA_006782985.1,Scaffold,53.9711,64.8,,RRZM01,920,0,2019-07-09T00:00:00Z,ftp://ftp.ncbi.nlm.nih.gov/genomes/all/GCA/006/782/985/GCA_006782985.1_ASM678298v1,
PRJNA503387,Chlorella sorokiniana,Eukaryota;Plants;Green Algae,BD08,SAMN10373491,GCA_006782965.1,Scaffold,58.6868,62.6462,chloroplast Pltd:CM017271.1,RRZN01,1242,0,2019-07-09T00:00:00Z,ftp://ftp.ncbi.nlm.nih.gov/genomes/all/GCA/006/782/965/GCA_006782965.1_ASM678296v1,
PRJNA67471,Solanum lycopersicum,Eukaryota;Plants;Land Plants,,SAMN02981358,GCA_000325825.1,Scaffold,0.575198,43.5,mitochondrion:AFYB00000000.1,AFYB01,195,0,2012-02-24T00:00:00Z,ftp://ftp.ncbi.nlm.nih.gov/genomes/all/GCA/000/325/825/GCA_000325825.1_S_lycopersicum_mitochondrion_v1.5,
PRJNA524157,Camellia sinensis,Eukaryota;Plants;Land Plants,,SAMN06329939,GCA_004153795.1,Scaffold,3105.37,38.7999,chloroplast Pltd:NC_020019.1/,SDRB01,14028,76698,2019-02-11T00:00:00Z,ftp://ftp.ncbi.nlm.nih.gov/genomes/all/GCA/004/153/795/GCA_004153795.1_AHAU_CSS_1,ftp://ftp.ncbi.nlm.nih.gov/genomes/all/GCF/004/153/795/GCF_004153795.1_AHAU_CSS_1
PRJNA635654,Zea mays,Eukaryota;Plants;Land Plants,Zm00056a,SAMN15048685,GCA_014529475.1, Chromosome,2246.85,46.9206,chromosome 1:CM025441.1; chromosome 2:CM025442.1; chromosome 3:CM025443.1; chromosome 4:CM025444.1; chromosome 5:CM025445.1; chromosome 6:CM025446.1; chromosome 7:CM025447.1; chromosome 8:CM025448.1; chromosome 9:CM025449.1; chromosome 10:CM025450.1; mitochondrion MT:CM025451.1; chloroplast Pltd:CM025452.1,JABWIA01,998,0,2020-09-11T00:00:00Z,ftp://ftp.ncbi.nlm.nih.gov/genomes/all/GCA/014/529/475/GCA_014529475.1_A188Ref1,
